t,kp_lin,ki_lin,kd_lin,kp_ang,ki_ang,kd_ang,v_ref,w_ref_raw,w_ref,v_meas,w_meas,reward
1770368835.7930925,1.2,0.0,0.03,1.23,0.0,0.1,0.0,0.0,0.0,0.0,-0.0004577522357708265,-0.0002746513414624959
1770368836.2021577,1.2,0.0,0.03,1.23,0.0,0.1,0.0,0.0,0.0,0.0,-0.0003955865281389618,-0.00020400983483266736
1770368836.6123667,1.2,0.0,0.03,1.23,0.0,0.1,0.0,0.0,0.0,0.0,-0.00035814417717569476,-0.0001828163236841741
1770368837.0249112,1.2,0.0,0.03,1.23,0.0,0.1,0.0,0.0,0.0,0.0,-0.00034919897551327004,-0.0001754940079228775
1770368837.435477,1.2,0.0,0.03,1.23,0.0,0.1,0.0,0.0,0.0,0.0,-0.00024703895064952475,-0.0001337354778111369
1770368837.8749993,1.2,0.0,0.03,1.23,0.0,0.1,0.0,0.0,0.0,0.0,-0.00021480066762882006,-0.0001106241621164805
1770368838.2853272,1.2,0.0,0.03,1.23,0.0,0.1,0.0,0.0,0.0,0.0,-9.821964793059435e-05,-6.0767925935119745e-05
1770368838.702763,1.2,0.0,0.03,1.23,0.0,0.1,0.0,0.0,0.0,0.0,-0.00014310645005040192,-7.604190523718171e-05
1770368839.1278656,1.2,0.0,0.03,1.23,0.0,0.1,0.0,0.0,0.0,0.0,-0.00017635319588103264,-9.150127252357939e-05
1770368839.5409293,1.2,0.0,0.03,1.23,0.0,0.1,0.0,0.0,0.0,0.0,-0.0003056544466399701,-0.00016575734839587882
1770368839.9859886,1.2,0.0,0.03,1.23,0.0,0.1,0.0,0.0,0.0,0.0,-0.00020657588717729476,-0.00011319579953491491
1770368840.4067814,1.2,0.0,0.03,1.23,0.0,0.1,0.0,0.0,0.0,0.0,-0.00022468628804580228,-0.00011415418410975189
1770368840.8472846,1.2,0.0,0.03,1.23,0.0,0.1,0.0,0.0,0.0,0.0,-0.00029523227167702336,-0.0001546707342016338
1770368841.260617,1.2,0.0,0.03,1.23,0.0,0.1,0.0,0.0,0.0,0.0,-0.00029345781045267443,-0.0001469063513487721
1770368841.6694677,1.2,0.0,0.03,1.23,0.0,0.1,0.0,0.0,0.0,0.0,-0.00034536846276242666,-0.00017787529661218856
1770368842.0800626,1.2,0.0,0.03,1.23,0.0,0.1,0.0,0.0,0.0,0.0,-0.0003153444576241565,-0.00016067462932590527
1770368842.5084574,1.2,0.0,0.03,1.23,0.0,0.1,0.0,0.0,0.0,0.0,-0.00033940952762014147,-0.00017211127080966922
1770368842.925118,1.2,0.0,0.03,1.23,0.0,0.1,0.0,0.0,0.0,0.0,-0.0002230095945711684,-0.0001231447905904815
1770368843.3401446,1.2,0.0,0.03,1.23,0.0,0.1,0.0,0.0,0.0,0.0,-0.0002705991311630574,-0.00014005851924071762
1770368843.7508442,1.2,0.0,0.03,1.23,0.0,0.1,0.0,0.0,0.0,0.0,-0.00016988719412830644,-9.501479076762832e-05
1770368844.175759,1.2,0.0,0.03,1.23,0.0,0.1,0.0,0.0,0.0,0.0,-0.0001647757863615886,-8.289903395746608e-05
1770368844.5940495,1.2,0.0,0.03,1.23,0.0,0.1,0.0,0.0,0.0,0.0,-0.00014242621053249906,-7.344806284915849e-05
1770368845.006956,1.2,0.0,0.03,1.23,0.0,0.1,0.0,0.0,0.0,0.0,-0.00014533273804283675,-7.295702177245214e-05
1770368845.4222298,1.2,0.0,0.03,1.23,0.0,0.1,0.0,0.0,0.0,0.0,-0.000289386540673945,-0.00015909865060008332
1770368845.8341365,1.2,0.0,0.03,1.23,0.0,0.1,0.0,0.0,0.0,0.0,-0.00031647742256913345,-0.00016094779947408558
1770368846.2599523,1.2,0.0,0.03,1.23,0.0,0.1,0.0,0.0,0.0,0.0,-0.0003580948302605999,-0.0001832091558994466
1770368846.6659067,1.2,0.0,0.03,1.23,0.0,0.1,0.0,0.0,0.0,0.0,-0.0003146539738893053,-0.00016167107258178211
1770368847.0779328,1.2,0.0,0.03,1.23,0.0,0.1,0.0,0.0,0.0,0.0,-0.0003559207226472362,-0.00018208703619941116
1770368847.493126,1.2,0.0,0.03,1.23,0.0,0.1,0.0,0.0,0.0,0.0,-0.000388450963292735,-0.00019747850571091738
1770368847.911673,1.2,0.0,0.03,1.23,0.0,0.1,0.0,0.0,0.0,0.0,-0.00031908961894931774,-0.0001664809439090006
1770368848.3302217,1.2,0.0,0.03,1.23,0.0,0.1,0.0,0.0,0.0,0.0,-0.00022512906872778916,-0.00012196058938604743
1770368848.7446425,1.2,0.0,0.03,1.23,0.0,0.1,0.0,0.0,0.0,0.0,-0.00024293740252867333,-0.00012324953464442508
1770368849.1576686,1.2,0.0,0.03,1.23,0.0,0.1,0.0,0.0,0.0,0.0,-0.00015415463861051174,-8.595559569707203e-05
1770368849.5724306,1.2,0.0,0.03,1.23,0.0,0.1,0.0,0.0,0.0,0.0,-0.00013222590787238353,-6.830582701000459e-05
1770368849.9868634,1.2,0.0,0.03,1.23,0.0,0.1,0.0,0.0,0.0,0.0,-0.00022650950755195016,-0.00012268311374393173
1770368850.4086893,1.2,0.0,0.03,1.23,0.0,0.1,0.0,0.0,0.0,0.0,-0.0001623055120123198,-8.757315556012293e-05
1770368850.8252978,1.2,0.0,0.03,1.23,0.0,0.1,0.0,0.0,0.0,0.0,-0.0001926315471714313,-9.93483771016268e-05
1770368851.2379563,1.2,0.0,0.03,1.23,0.0,0.1,0.0,0.0,0.0,0.0,-0.00024837243305343845,-0.00012976030511491993
1770368851.6483626,1.2,0.0,0.03,1.23,0.0,0.1,0.0,0.0,0.0,0.0,-0.00021668872434395256,-0.00011151273304292486
1770368852.0644057,1.2,0.0,0.03,1.23,0.0,0.1,0.0,0.0,0.0,0.0,-0.00024613586613581994,-0.0001260126472470967
1770368852.5051441,1.2,0.0,0.03,1.23,0.0,0.1,0.0,0.0,0.0,0.0,-0.0001996787116745269,-0.00010448507128339276
1770368852.9155376,1.2,0.0,0.03,1.23,0.0,0.1,0.0,0.0,0.0,0.0,-0.00032166278002558293,-0.00017302979684789707
1770368853.3496478,1.2,0.0,0.03,1.23,0.0,0.1,0.0,0.0,0.0,0.0,-0.00016661682120005866,-9.881300648258176e-05
1770368853.7588825,1.2,0.0,0.03,1.23,0.0,0.1,0.0,0.0,0.0,0.0,-0.00022709773799689515,-0.00011959696067813123
1770368854.170269,1.2,0.0,0.03,1.23,0.0,0.1,0.0,0.0,0.0,0.0,-0.00016845262484284446,-9.00908237368273e-05
1770368854.5849679,1.2,0.0,0.03,1.23,0.0,0.1,0.0,0.0,0.0,0.0,-0.00023683805414474794,-0.0001252575700025643
1770368854.996231,1.2,0.0,0.03,1.23,0.0,0.1,0.0,0.0,0.0,0.0,-0.000137942626211197,-7.886085589895359e-05
1770368855.4126995,1.2,0.0,0.03,1.23,0.0,0.1,0.0,0.0,0.0,0.0,-0.0002835505202576118,-0.0001563360495334474
1770368855.8317769,1.2,0.0,0.03,1.23,0.0,0.1,0.0,0.0,0.0,0.0,-0.0002619944463860103,-0.0001331528305801653
1770368856.239234,1.2,0.0,0.03,1.23,0.0,0.1,0.0,0.0,0.0,0.0,-0.00022769705913104475,-0.00011727826829101893
1770368856.665226,1.2,0.0,0.03,1.23,0.0,0.1,0.0,0.0,0.0,0.0,-0.0003851851893378557,-0.00020834140768960895
1770368857.09743,1.2,0.0,0.03,1.23,0.0,0.1,0.0,0.0,0.0,0.0,-0.00032832859855144004,-0.00016984995835436157
1770368857.529349,1.2,0.0,0.03,1.23,0.0,0.1,0.0,0.0,0.0,0.0,-0.0004610889399432481,-0.00024382050411080484
1770368857.9409556,1.2,0.0,0.03,1.23,0.0,0.1,0.0,0.0,0.0,0.0,-0.0003835615043026626,-0.00019953349571538985
1770368858.3507295,1.2,0.0,0.03,1.23,0.0,0.1,0.0,0.0,0.0,0.0,-0.00044336167027795453,-0.00022766085173650646
1770368858.75962,1.2,0.0,0.03,1.23,0.0,0.1,0.0,0.0,0.0,0.0,-0.0003050127005199113,-0.00016634124723575997
1770368859.1726124,1.2,0.0,0.03,1.23,0.0,0.1,0.0,0.0,0.0,0.0,-0.0002406374341070752,-0.00012675624369482122
1770368859.589702,1.2,0.0,0.03,1.23,0.0,0.1,0.0,0.0,0.0,0.0,-0.0001052537503517864,-6.616524355142209e-05
1770368860.0264492,1.2,0.0,0.03,1.23,0.0,0.1,0.0,0.0,0.0,0.0,-7.852964592644566e-05,-4.193723340575691e-05
1770368860.4695024,1.2,0.0,0.03,1.23,0.0,0.1,0.0,0.0,0.0,0.0,-5.295588137658528e-05,-2.903531714327868e-05
1770368860.8994389,1.2,0.0,0.03,1.23,0.0,0.1,0.0,0.0,0.0,0.0,7.028847911486077e-05,-4.746867560657499e-05
1770368861.3225005,1.2,0.0,0.03,1.23,0.0,0.1,0.0,0.0,0.0,0.0,-0.0001188247662700506,-7.832370767351644e-05
1770368861.7491717,1.2,0.0,0.03,1.23,0.0,0.1,0.0,0.0,0.0,0.0,-0.00012342161353867198,-6.217049149619813e-05
1770368862.1614966,1.2,0.0,0.03,1.23,0.0,0.1,0.0,0.0,0.0,0.0,-0.00020791405171833696,-0.00011240626967713497
1770368862.571922,1.2,0.0,0.03,1.23,0.0,0.1,0.0,0.0,0.0,0.0,-0.0002791787903417228,-0.00014671586903319996
1770368862.9878328,1.2,0.0,0.03,1.23,0.0,0.1,0.0,0.0,0.0,0.0,-0.00029294388042532167,-0.00014784844922102072
1770368863.4011822,1.2,0.0,0.03,1.23,0.0,0.1,0.0,0.0,0.0,0.0,-0.00022524287011533575,-0.00011939153608866647
1770368863.8129501,1.2,0.0,0.03,1.23,0.0,0.1,0.0,0.0,0.0,0.0,-0.00018339369349527153,-9.588176440964219e-05
1770368864.2227836,1.2,0.0,0.03,1.23,0.0,0.1,0.0,0.0,0.0,0.0,-9.379974390094767e-05,-5.585926690990622e-05
1770368864.6317794,1.2,0.0,0.03,1.23,0.0,0.1,0.0,0.0,0.0,0.0,4.091229520960802e-05,-3.392735151585958e-05
1770368865.0452788,1.2,0.0,0.03,1.23,0.0,0.1,0.0,0.0,0.0,0.0,5.129951314691269e-06,-6.14321004683731e-06
1770368865.4659688,1.2,0.0,0.03,1.23,0.0,0.1,0.0,0.0,0.0,0.0,3.3742441194388975e-05,-1.9732469585164258e-05
1770368865.8911207,1.2,0.0,0.03,1.23,0.0,0.1,0.0,0.0,0.0,0.0,9.679581655759548e-06,-7.246076781742717e-06
1770368866.3067515,1.2,0.0,0.03,1.23,0.0,0.1,0.0,0.0,0.0,0.0,1.6700193434277164e-05,-9.052157894990344e-06
1770368866.7300718,1.2,0.0,0.03,1.23,0.0,0.1,0.0,0.0,0.0,0.0,-6.551211342129122e-05,-4.097728739620245e-05
1770368867.1427586,1.2,0.0,0.03,1.23,0.0,0.1,0.0,0.0,0.0,0.0,-0.00016736527182677544,-9.386795175393613e-05
1770368867.567985,1.2,0.0,0.03,1.23,0.0,0.1,0.0,0.0,0.0,0.0,-0.00024286244496235683,-0.00012898093979473655
1770368868.011523,1.2,0.0,0.03,1.23,0.0,0.1,0.0,0.0,0.0,0.0,-0.00019730782115244013,-0.00010320937295721174
1770368868.4318414,1.2,0.0,0.03,1.23,0.0,0.1,0.0,0.0,0.0,0.0,-0.00017241684468432338,-8.869751998897337e-05
1770368868.8401113,1.2,0.0,0.03,1.23,0.0,0.1,0.0,0.0,0.0,0.0,-0.00022244667435303625,-0.00011622632014338941
1770368869.248816,1.2,0.0,0.03,1.23,0.0,0.1,0.0,0.0,0.0,0.0,-0.00012644111771477942,-7.282111452121539e-05
1770368869.6812034,1.2,0.0,0.03,1.23,0.0,0.1,0.0,0.0,0.0,0.0,-9.315513329984661e-05,-4.9906165091416584e-05
1770368870.1016362,1.2,0.0,0.03,1.23,0.0,0.1,0.0,0.0,0.0,0.0,-5.7663011006544295e-05,-3.238071773260238e-05
1770368870.5122132,1.2,0.0,0.03,1.23,0.0,0.1,0.0,0.0,0.0,0.0,-8.634284478269346e-05,-4.603940576896165e-05
1770368870.936181,1.2,0.0,0.03,1.23,0.0,0.1,0.0,0.0,0.0,0.0,-1.7517847983256762e-05,-1.564142367157205e-05
1770368871.3519573,1.2,0.0,0.03,1.23,0.0,0.1,0.0,0.0,0.0,0.0,-7.016025584408346e-05,-4.03443687081244e-05
1770368871.7789104,1.2,0.0,0.03,1.23,0.0,0.1,0.0,0.0,0.0,0.0,-0.0001145653307696915,-6.172317287740655e-05
1770368872.1933012,1.2,0.0,0.03,1.23,0.0,0.1,0.0,0.0,0.0,0.0,-0.00011344558374526332,-5.683476657507448e-05
1770368872.6099694,1.2,0.0,0.03,1.23,0.0,0.1,0.0,0.0,0.0,0.0,-0.000256836615838071,-0.00014275741112831626
1770368873.0262592,1.2,0.0,0.03,1.23,0.0,0.1,0.0,0.0,0.0,0.0,-0.00021049382556332264,-0.00010988119180913616
1770368873.435479,1.2,0.0,0.03,1.23,0.0,0.1,0.0,0.0,0.0,0.0,-0.00028218717951171467,-0.00014826292515069653
1770368873.8494701,1.2,0.0,0.03,1.23,0.0,0.1,0.0,0.0,0.0,0.0,-0.00017960657708470813,-0.00010006134878505471
1770368874.2589884,1.2,0.0,0.03,1.23,0.0,0.1,0.0,0.0,0.0,0.0,-0.00020366603477781095,-0.00010423896315821575
1770368874.668242,1.2,0.0,0.03,1.23,0.0,0.1,0.0,0.0,0.0,0.0,-0.00011392064257357797,-6.593486050721229e-05
1770368875.0772426,1.2,0.0,0.03,1.23,0.0,0.1,0.0,0.0,0.0,0.0,-0.00011387959713485037,-5.6943903111297944e-05
1770368875.485167,1.2,0.0,0.03,1.23,0.0,0.1,0.0,0.0,0.0,0.0,-8.979691289721535e-05,-4.730672487237118e-05
1770368875.894898,1.2,0.0,0.03,1.23,0.0,0.1,0.0,0.0,0.0,0.0,-0.00015654813370758052,-8.494918893482678e-05
1770368876.3063843,1.2,0.0,0.03,1.23,0.0,0.1,0.0,0.0,0.0,0.0,-8.293372474669156e-05,-4.882830326943468e-05
1770368876.7172894,1.2,0.0,0.03,1.23,0.0,0.1,0.0,0.0,0.0,0.0,-0.00025166561867082826,-0.00014270599872782778
1770368877.1351914,1.2,0.0,0.03,1.23,0.0,0.1,0.0,0.0,0.0,0.0,-0.00031126954716213963,-0.00016159516643020095
1770368877.5488951,1.2,0.0,0.03,1.23,0.0,0.1,0.0,0.0,0.0,0.0,-0.00028177751832898784,-0.0001438379620478091
1770368877.962799,1.2,0.0,0.03,1.23,0.0,0.1,0.0,0.0,0.0,0.0,-0.00028308439528866553,-0.00014167288534030052
1770368878.3761446,1.2,0.0,0.03,1.23,0.0,0.1,0.0,0.0,0.0,0.0,-0.0003053432585250895,-0.00015489751558618714
1770368878.7846437,1.2,0.0,0.03,1.23,0.0,0.1,0.0,0.0,0.0,0.0,-0.000384898288031618,-0.00020040464696646185
1770368879.199168,1.2,0.0,0.03,1.23,0.0,0.1,0.0,0.0,0.0,0.0,-0.0003387541506770322,-0.00017399148907397467
1770368879.6131477,1.2,0.0,0.03,1.23,0.0,0.1,0.0,0.0,0.0,0.0,-0.0003411281305241373,-0.00017080146324677915
1770368880.0275843,1.2,0.0,0.03,1.23,0.0,0.1,0.0,0.0,0.0,0.0,-0.0002954086666611871,-0.00015227627971688858
1770368880.438053,1.2,0.0,0.03,1.23,0.0,0.1,0.0,0.0,0.0,0.0,-0.0001955820945996609,-0.00010777370450598306
1770368880.8533325,1.2,0.0,0.03,1.23,0.0,0.1,0.0,0.0,0.0,0.0,-0.00016620125670056807,-8.603871214019332e-05
1770368881.271712,1.2,0.0,0.03,1.23,0.0,0.1,0.0,0.0,0.0,0.0,-0.00016430263337811662,-8.234117902130345e-05
1770368881.6813712,1.2,0.0,0.03,1.23,0.0,0.1,0.0,0.0,0.0,0.0,-0.0001690402491898888,-8.499388617612161e-05
1770368882.0945761,1.2,0.0,0.03,1.23,0.0,0.1,0.0,0.0,0.0,0.0,-0.0001628654450511891,-8.205020293946451e-05
1770368882.516377,1.2,0.0,0.03,1.23,0.0,0.1,0.0,0.0,0.0,0.0,-0.00028838908842132864,-0.0001567469085476783
1770368882.9362798,1.2,0.0,0.03,1.23,0.0,0.1,0.0,0.0,0.0,0.0,-0.00023593883552231062,-0.00012321444305105712
1770368883.3506634,1.2,0.0,0.03,1.23,0.0,0.1,0.0,0.0,0.0,0.0,-0.00023516925810044946,-0.00011766158679241084
1770368883.764329,1.2,0.0,0.03,1.23,0.0,0.1,0.0,0.0,0.0,0.0,-0.00024793091772222785,-0.00012524162482329177
1770368884.1765947,1.2,0.0,0.03,1.23,0.0,0.1,0.0,0.0,0.0,0.0,-0.00033715962188034823,-0.00017750268135598615
1770368884.5828044,1.2,0.0,0.03,1.23,0.0,0.1,0.0,0.0,0.0,0.0,-0.0002930550357086887,-0.0001509379764715103
1770368884.9943748,1.2,0.0,0.03,1.23,0.0,0.1,0.0,0.0,0.0,0.0,-0.0002447330880193258,-0.0001271987387785992
1770368885.4166405,1.2,0.0,0.03,1.23,0.0,0.1,0.0,0.0,0.0,0.0,-0.0001189323546143807,-7.204625064768485e-05
1770368885.8487682,1.2,0.0,0.03,1.23,0.0,0.1,0.0,0.0,0.0,0.0,-5.61796326238478e-05,-3.4365088510977194e-05
1770368886.2545724,1.2,0.0,0.03,1.23,0.0,0.1,0.0,0.0,0.0,0.0,-7.595202734787876e-05,-3.995325314634247e-05
1770368886.6720793,1.2,0.0,0.03,1.23,0.0,0.1,0.0,0.0,0.0,0.0,6.552689077854544e-05,-4.6911337201915145e-05
1770368887.1194944,1.2,0.0,0.03,1.23,0.0,0.1,0.0,0.0,0.0,0.0,1.3927977350206236e-05,-1.212388001793704e-05
1770368887.5325272,1.2,0.0,0.03,1.23,0.0,0.1,0.0,0.0,0.0,0.0,-9.4010490575795e-05,-5.7799092080497625e-05
1770368887.957601,1.2,0.0,0.03,1.23,0.0,0.1,0.0,0.0,0.0,0.0,-0.00017590560401809782,-9.614231335327919e-05
1770368888.3849785,1.2,0.0,0.03,1.23,0.0,0.1,0.0,0.0,0.0,0.0,-0.00022508927735115123,-0.00011746300600888096
1770368888.7987359,1.2,0.0,0.03,1.23,0.0,0.1,0.0,0.0,0.0,0.0,-0.0003906787810338031,-0.00021189834088516674
1770368889.2160988,1.2,0.0,0.03,1.23,0.0,0.1,0.0,0.0,0.0,0.0,-0.00045401151206070497,-0.00023333902913304268
1770368889.6294563,1.2,0.0,0.03,1.23,0.0,0.1,0.0,0.0,0.0,0.0,-0.0004901098344395064,-0.0002486647494576333
1770368890.0418081,1.2,0.0,0.03,1.23,0.0,0.1,0.0,0.0,0.0,0.0,-0.0004983114178617208,-0.00024997586727308185
1770368890.457825,1.2,0.0,0.03,1.23,0.0,0.1,0.0,0.0,0.0,0.0,-0.00042450599267860483,-0.00021963353885761402
1770368890.867837,1.2,0.0,0.03,1.23,0.0,0.1,0.0,0.0,0.0,0.0,-0.00039422736271586253,-0.0002001415443542055
1770368891.306181,1.2,0.0,0.03,1.23,0.0,0.1,0.0,0.0,0.0,0.0,-0.0002836366522652314,-0.00015287739717767881
1770368891.7227688,1.2,0.0,0.03,1.23,0.0,0.1,0.0,0.0,0.0,0.0,-0.000278344898827951,-0.00013970162475770355
1770368892.135502,1.2,0.0,0.03,1.23,0.0,0.1,0.0,0.0,0.0,0.0,-0.00013997613666757983,-8.382494454982703e-05
1770368892.5476897,1.2,0.0,0.03,1.23,0.0,0.1,0.0,0.0,0.0,0.0,-0.00011612373433873934,-6.0447107402253716e-05
1770368892.9671788,1.2,0.0,0.03,1.23,0.0,0.1,0.0,0.0,0.0,0.0,-0.00011084525861098724,-5.595047687826883e-05
1770368893.3795526,1.2,0.0,0.03,1.23,0.0,0.1,0.0,0.0,0.0,0.0,-8.509073418144042e-05,-4.512081953367489e-05
1770368893.7909737,1.2,0.0,0.03,1.23,0.0,0.1,0.0,0.0,0.0,0.0,-0.00012455487748281333,-6.622385307154395e-05
1770368894.2083964,1.2,0.0,0.03,1.23,0.0,0.1,0.0,0.0,0.0,0.0,-0.0002650127736514577,-0.00014655217644259327
1770368894.625945,1.2,0.0,0.03,1.23,0.0,0.1,0.0,0.0,0.0,0.0,-0.0003927712033641273,-0.0002091614446533306
1770368895.0366237,1.2,0.0,0.03,1.23,0.0,0.1,0.0,0.0,0.0,0.0,-0.00025097806826991767,-0.0001396683476443798
1770368895.4579964,1.2,0.0,0.03,1.23,0.0,0.1,0.0,0.0,0.0,0.0,-0.00032249897406565095,-0.0001684015776123988
1770368895.869299,1.2,0.0,0.03,1.23,0.0,0.1,0.0,0.0,0.0,0.0,-0.0002440586347284737,-0.0001298733512979546
1770368896.2791028,1.2,0.0,0.03,1.23,0.0,0.1,0.0,0.0,0.0,0.0,-0.00021271558565255457,-0.0001094920977338692
1770368896.690889,1.2,0.0,0.03,1.23,0.0,0.1,0.0,0.0,0.0,0.0,-0.0001699824895070987,-8.926455436809493e-05
1770368897.103596,1.2,0.0,0.03,1.23,0.0,0.1,0.0,0.0,0.0,0.0,-6.922564306648349e-05,-4.468850617730327e-05
1770368897.541547,1.2,0.0,0.03,1.23,0.0,0.1,0.0,0.0,0.0,0.0,-9.436062006075372e-05,-4.969380772980388e-05
1770368897.955459,1.2,0.0,0.03,1.23,0.0,0.1,0.0,0.0,0.0,0.0,-0.00013531592333445122,-7.175349199459536e-05
1770368898.3883693,1.2,0.0,0.03,1.23,0.0,0.1,0.0,0.0,0.0,0.0,-0.00015238191859782686,-7.7897558825251e-05
1770368898.801725,1.2,0.0,0.03,1.23,0.0,0.1,0.0,0.0,0.0,0.0,-0.0001960188608633536,-0.00010237312465822946
1770368899.215919,1.2,0.0,0.03,1.23,0.0,0.1,0.0,0.0,0.0,0.0,-0.00022897857776985056,-0.00011778526057557498
1770368899.6351075,1.2,0.0,0.03,1.23,0.0,0.1,0.0,0.0,0.0,0.0,-0.0001947957919924053,-0.00010081617457394718
1770368900.0470083,1.2,0.0,0.03,1.23,0.0,0.1,0.0,0.0,0.0,0.0,-0.00028135797971478205,-0.0001493352086296287
1770368900.4546254,1.2,0.0,0.03,1.23,0.0,0.1,0.0,0.0,0.0,0.0,-0.00024261736346499352,-0.0001251827433574756
1770368900.8657897,1.2,0.0,0.03,1.23,0.0,0.1,0.0,0.0,0.0,0.0,-0.00023273453642506207,-0.00011735555091652418
1770368901.2818906,1.2,0.0,0.03,1.23,0.0,0.1,0.0,0.0,0.0,0.0,-0.00018569212439275686,-9.755030339960896e-05
1770368901.7031856,1.2,0.0,0.03,1.23,0.0,0.1,0.0,0.0,0.0,0.0,-0.00013952673038091903,-7.437990459164329e-05
1770368902.1113873,1.2,0.0,0.03,1.23,0.0,0.1,0.0,0.0,0.0,0.0,-0.00010356155776234404,-5.5377296143029514e-05
1770368902.5342402,1.2,0.0,0.03,1.23,0.0,0.1,0.0,0.0,0.0,0.0,-4.630132655467612e-05,-2.887668639810485e-05
1770368902.9463146,1.2,0.0,0.03,1.23,0.0,0.1,0.0,0.0,0.0,0.0,-0.0001258386488088906,-7.087305662986674e-05
1770368903.364984,1.2,0.0,0.03,1.23,0.0,0.1,0.0,0.0,0.0,0.0,-0.000159803231182649,-8.329807382870034e-05
1770368903.784259,1.2,0.0,0.03,1.23,0.0,0.1,0.0,0.0,0.0,0.0,-0.00024462926365402245,-0.00013079723507414856
1770368904.2010887,1.2,0.0,0.03,1.23,0.0,0.1,0.0,0.0,0.0,0.0,-0.00026304027910034004,-0.00013336124109480178
1770368904.6121728,1.2,0.0,0.03,1.23,0.0,0.1,0.0,0.0,0.0,0.0,-0.00041967236535711327,-0.00022549939130423396
1770368905.0231967,1.2,0.0,0.03,1.23,0.0,0.1,0.0,0.0,0.0,0.0,-0.000330136099089314,-0.0001740216761714369
1770368905.4322095,1.2,0.0,0.03,1.23,0.0,0.1,0.0,0.0,0.0,0.0,-0.00031429087253010644,-0.00015872995892097396
1770368905.8436594,1.2,0.0,0.03,1.23,0.0,0.1,0.0,0.0,0.0,0.0,-0.00025944984837320765,-0.0001352090266022937
1770368906.2763786,1.2,0.0,0.03,1.23,0.0,0.1,0.0,0.0,0.0,0.0,-0.00021304650096984777,-0.00011116358522525987
1770368906.7108603,1.2,0.0,0.03,1.23,0.0,0.1,0.0,0.0,0.0,0.0,-0.00014123694058825611,-7.779942633228723e-05
1770368907.1298797,1.2,0.0,0.03,1.23,0.0,0.1,0.0,0.0,0.0,0.0,-1.8769801372485517e-05,-2.163161460781982e-05
1770368907.5428193,1.2,0.0,0.03,1.23,0.0,0.1,0.0,0.0,0.0,0.0,-3.0859436202467386e-05,-1.663868158423188e-05
1770368907.9576583,1.2,0.0,0.03,1.23,0.0,0.1,0.0,0.0,0.0,0.0,-5.7487176924293535e-05,-3.1406362534329384e-05
1770368908.3701627,1.2,0.0,0.03,1.23,0.0,0.1,0.0,0.0,0.0,0.0,-0.0001427588801437949,-7.99066103938476e-05
1770368908.7821145,1.2,0.0,0.03,1.23,0.0,0.1,0.0,0.0,0.0,0.0,-5.7501341802860514e-05,-3.7276424735523696e-05
1770368909.192102,1.2,0.0,0.03,1.23,0.0,0.1,0.0,0.0,0.0,0.0,-0.00015461389802405595,-8.701820463414752e-05
1770368909.6016817,1.2,0.0,0.03,1.23,0.0,0.1,0.0,0.0,0.0,0.0,-0.00026597658825840256,-0.00014412456315263594
1770368910.0112097,1.2,0.0,0.03,1.23,0.0,0.1,0.0,0.0,0.0,0.0,-0.00033546183120454454,-0.00017467943989688648
1770368910.4215305,1.2,0.0,0.03,1.23,0.0,0.1,0.0,0.0,0.0,0.0,-0.00041538723408722,-0.00021568615733187754
1770368910.8305206,1.2,0.0,0.03,1.23,0.0,0.1,0.0,0.0,0.0,0.0,-0.00036183179744053197,-0.0001862714423849348
1770368911.2452257,1.2,0.0,0.03,1.23,0.0,0.1,0.0,0.0,0.0,0.0,-0.00036014399948389213,-0.00018024077953761005
1770368911.6548262,1.2,0.0,0.03,1.23,0.0,0.1,0.0,0.0,0.0,0.0,-0.0002638221124723819,-0.00014154324493734197
1770368912.084683,1.2,0.0,0.03,1.23,0.0,0.1,0.0,0.0,0.0,0.0,-0.00018884962067924917,-0.00010192205951893786
1770368912.4946482,1.2,0.0,0.03,1.23,0.0,0.1,0.0,0.0,0.0,0.0,-0.00013337736078066547,-7.22359063801911e-05
1770368912.914678,1.2,0.0,0.03,1.23,0.0,0.1,0.0,0.0,0.0,0.0,-0.00014408873164810653,-7.311550291079736e-05
1770368913.3392866,1.2,0.0,0.03,1.23,0.0,0.1,0.0,0.0,0.0,0.0,-0.0001398248835692624,-7.03388265925156e-05
1770368913.7518663,1.2,0.0,0.03,1.23,0.0,0.1,0.0,0.0,0.0,0.0,-0.00018057465916099716,-9.436230713967206e-05
1770368914.1656544,1.2,0.0,0.03,1.23,0.0,0.1,0.0,0.0,0.0,0.031951720323880196,0.0008690141412618991,-0.032491186274553434
1770368914.5754128,1.2,0.0,0.03,1.23,0.0,0.1,0.0,0.0,0.0,0.2911146478148031,-0.00023235558988755434,-0.29134096258286185
1770368914.9899797,1.2,0.0,0.03,1.23,0.0,0.1,0.0,0.0,0.0,0.18828399602660847,0.004233630669030142,-0.19084740998701533
1770368915.402409,1.2,0.0,0.03,1.23,0.0,0.1,0.0,0.0,0.0,0.17095912358633122,-0.0019100121311584881,-0.17252849393192934
1770368915.813187,1.2,0.0,0.03,1.23,0.0,0.1,0.0,0.0,0.0,0.4059007229370949,-0.001498871975272716,-0.40669127294031987
1770368916.226579,1.2,0.0,0.03,1.23,0.0,0.1,0.0,0.0,0.0,0.46924551119060975,-0.003667987068146059,-0.4712964162339701
1770368916.650489,1.2,0.0,0.03,1.23,0.0,0.1,0.0,0.0,0.0,0.3949298050943991,-0.004287482430610565,-0.39713549584595087
1770368917.0625157,1.2,0.0,0.03,1.23,0.0,0.1,0.0,0.0,0.0,0.20135795020151367,-0.0067292537690590215,-0.20496675421988803
1770368917.481376,1.2,0.0,0.03,1.23,0.0,0.1,0.0,0.0,0.0,0.3116437435754131,-0.0021572807350865135,-0.3131795812463536
1770368917.9018483,1.2,0.0,0.03,1.23,0.0,0.1,0.0,0.0,0.0,0.5213938866701484,-0.005992083141642847,-0.5247734084816255
1770368918.3170145,1.2,0.0,0.03,1.23,0.0,0.1,0.0,0.0,0.0,0.4178959005767823,-0.0018882360230246568,-0.41925040330015645
1770368918.7268362,1.2,0.0,0.03,1.23,0.0,0.1,0.0,0.0,0.0,0.5100329080281798,-0.0009001617287562002,-0.5105817963219847
1770368919.1348655,1.2,0.0,0.03,1.23,0.0,0.1,0.0,0.0,0.0,0.4130198615616995,-0.002710944882261595,-0.41455641231818086
1770368919.5473537,1.2,0.0,0.03,1.23,0.0,0.1,0.0,0.0,0.0,0.10785696127505326,0.08627878335406944,-0.15989532577572108
1770368919.9563646,1.2,0.0,0.03,1.23,0.0,0.1,0.0,0.0,0.0,-0.01575902787584928,0.23441053315548002,-0.14777746943373035
1770368920.366087,1.2,0.0,0.03,1.23,0.0,0.1,0.0,0.0,0.0,-0.012579057706355581,0.3691446217428856,-0.21062477743653896
1770368920.7828386,1.2,0.0,0.03,1.23,0.0,0.1,0.0,0.0,0.0,-0.009518406154346737,0.48816345074468254,-0.2655020144268677
1770368921.2069702,1.2,0.0,0.03,1.23,0.0,0.1,0.0,0.0,0.0,-0.008282149832628396,0.5697021376038273,-0.3012870873204565
1770368921.626226,1.2,0.0,0.03,1.23,0.0,0.1,0.0,0.0,0.0,-0.02387768837900197,0.536423877245509,-0.29541745303758826
1770368922.0507114,1.2,0.0,0.03,1.23,0.0,0.1,0.0,0.0,0.0,-0.3050881751758755,0.4227074323686683,-0.5278135358478937
1770368922.4687092,1.2,0.0,0.03,1.23,0.0,0.1,0.0,0.0,0.0,-0.36608932269196864,0.3341618378586478,-0.5420248010722946
1770368922.8838825,1.2,0.0,0.03,1.23,0.0,0.1,0.0,0.0,0.0,-0.04038088735937936,0.25950487969200964,-0.177599023022048
1770368923.296711,1.2,0.0,0.03,1.23,0.0,0.1,0.0,0.0,0.0,0.003964835155629422,0.2059714253082358,-0.11230389324812472
1770368923.711956,1.2,0.0,0.03,1.23,0.0,0.1,0.0,0.0,0.0,0.003104651055918391,0.16347130206832705,-0.0890903144140728
1770368924.1371572,1.2,0.0,0.03,1.23,0.0,0.1,0.0,0.0,0.0,0.002079528076715423,0.12601254981684343,-0.0688316782102855
1770368924.5587184,1.2,0.0,0.03,1.23,0.0,0.1,0.0,0.0,0.0,0.0016056171929897658,0.10008580203983415,-0.05424119299060777
1770368924.9860997,1.2,0.0,0.03,1.23,0.0,0.1,0.0,0.0,0.0,0.0012538460427774306,0.07941155930535551,-0.04302704996890305
1770368925.4104738,1.2,0.0,0.03,1.23,0.0,0.1,0.0,0.0,0.0,0.001061712841325017,0.0611837852858318,-0.03347638288619329
1770368925.8221278,1.2,0.0,0.03,1.23,0.0,0.1,0.0,0.0,0.0,0.0008239534673589685,0.04860637356630594,-0.026384881422464528
1770368926.237406,1.2,0.0,0.03,1.23,0.0,0.1,0.0,0.0,0.0,0.0005505311709518878,0.0374554886552751,-0.020393363989692524
1770368926.645984,1.2,0.0,0.03,1.23,0.0,0.1,0.0,0.0,0.0,0.000427480414289117,0.029628158150139174,-0.0160242925398723
1770368927.0558486,1.2,0.0,0.03,1.23,0.0,0.1,0.0,0.0,0.0,0.00031615259872864727,0.023514168747781738,-0.01268463591285526
1770368927.4687698,1.2,0.0,0.03,1.23,0.0,0.1,0.0,0.0,0.0,0.0002576630396701581,0.018692553590259616,-0.010086101350552178
1770368927.8889577,1.2,0.0,0.03,1.23,0.0,0.1,0.0,0.0,0.0,0.0002179502266997462,0.014405249140645454,-0.007849305241983889
1770368928.2999728,1.2,0.0,0.03,1.23,0.0,0.1,0.0,0.0,0.0,0.00016927732455572503,0.011450910491348991,-0.006190166435159867
1770368928.711464,1.2,0.0,0.03,1.23,0.0,0.1,0.0,0.0,0.0,0.00013130381024555485,0.009174246208103719,-0.004946093342621942
1770368929.136816,1.2,0.0,0.03,1.23,0.0,0.1,0.0,0.0,0.0,8.779604995312995e-05,0.006934492869167749,-0.0037790178184306015
1770368929.5648365,1.2,0.0,0.03,1.23,0.0,0.1,0.0,0.0,0.0,6.820995913344687e-05,0.005446030604598717,-0.0029400714878897085
1770368929.9789803,1.2,0.0,0.03,1.23,0.0,0.1,0.0,0.0,0.0,5.772500495834691e-05,0.004199166331900125,-0.0022819945981782685
1770368930.3969653,1.2,0.0,0.03,1.23,0.0,0.1,0.0,0.0,0.0,4.481110396340459e-05,0.00333508048489978,-0.001798759931113329
1770368930.8080297,1.2,0.0,0.03,1.23,0.0,0.1,0.0,0.0,0.0,3.482100608349624e-05,0.002616087397120219,-0.001414764013421562
1770368931.2381876,1.2,0.0,0.03,1.23,0.0,0.1,0.0,0.0,0.0,2.3291857867772473e-05,0.0019005483224364193,-0.001045119926554362
1770368931.6470509,1.2,0.0,0.03,1.23,0.0,0.1,0.0,0.0,0.0,1.712829253469541e-05,0.0013471782414226981,-0.0007460544213474166
1770368932.0596094,1.2,0.0,0.03,1.23,0.0,0.1,0.0,0.0,0.0,1.406303149790836e-05,0.0010962947131080475,-0.0005872987408833972
1770368932.4780574,1.2,0.0,0.03,1.23,0.0,0.1,0.0,0.0,0.0,1.1720155302374274e-05,0.000661335544661902,-0.00038588384447793984
1770368932.8913076,1.2,0.0,0.03,1.23,0.0,0.1,0.0,0.0,0.0,9.236912186843693e-06,0.0006498387936679371,-0.0003353059841202087
1770368933.3244572,1.2,0.0,0.03,1.23,0.0,0.1,0.0,0.0,0.0,7.182684031106927e-06,0.00044642528480794483,-0.00025073667732107856
1770368933.7359633,1.2,0.0,0.03,1.23,0.0,0.1,0.0,0.0,0.0,4.806334890749556e-06,0.0003508802919915239,-0.00018980098016815362
1770368934.1453898,1.2,0.0,0.03,1.23,0.0,0.1,0.0,0.0,0.0,3.5148592817464825e-06,0.00022331198610700404,-0.00012792768292370048
1770368934.5651708,1.2,0.0,0.03,1.23,0.0,0.1,0.0,0.0,0.0,2.8976649133149827e-06,0.00019777456832441605,-0.0001043386908537818
1770368934.9777267,1.2,0.0,0.03,1.23,0.0,0.1,0.0,0.0,0.0,2.4519341768663157e-06,9.917260016430481e-05,-6.189843107502985e-05
1770368935.3912208,1.2,0.0,0.03,1.23,0.0,0.1,0.0,0.0,0.0,1.903144068411766e-06,1.9924407158877517e-05,-1.9790166948393253e-05
1770368935.813159,1.2,0.0,0.03,1.23,0.0,0.1,0.0,0.0,0.0,1.4622372287905906e-06,-6.422998713695971e-05,-4.1992670226854166e-05
1770368936.230478,1.2,0.0,0.03,1.23,0.0,0.1,0.0,0.0,0.0,9.889012608286916e-07,-0.00016505179231494522,-9.359697793609985e-05
1770368936.6419322,1.2,0.0,0.03,1.23,0.0,0.1,0.0,0.0,0.0,7.668990015466507e-07,-0.00019023454914010414,-9.840244925411462e-05
1770368937.054094,1.2,0.0,0.03,1.23,0.0,0.1,0.0,0.0,0.0,5.96193482679044e-07,-0.00033389508926472334,-0.00018190979212750265
1770368937.4638157,1.2,0.0,0.03,1.23,0.0,0.1,0.0,0.0,0.0,4.631140065112576e-07,-0.00019892403527296742,-0.00011342223704217056
1770368937.8832417,1.2,0.0,0.03,1.23,0.0,0.1,0.0,0.0,0.0,3.9175912004853186e-07,-0.00016833264498823008,-8.761722064263731e-05
1770368938.3029506,1.2,0.0,0.03,1.23,0.0,0.1,0.0,0.0,0.0,3.042382240754268e-07,-0.00023523354436718355,-0.00012461110034556254
1770368938.7112734,1.2,0.0,0.03,1.23,0.0,0.1,0.0,0.0,0.0,2.3646736947525434e-07,-0.00019056447853918178,-9.998561322186631e-05
1770368939.1227117,1.2,0.0,0.03,1.23,0.0,0.1,0.0,0.0,0.0,1.8350109321153178e-07,-0.00022004130435638824,-0.0001131518358531263
1770368939.5343392,1.2,0.0,0.03,1.23,0.0,0.1,0.0,0.0,0.0,1.150936779415539e-07,-0.00013289514023534158,-7.5277280207717e-05
1770368939.9479685,1.2,0.0,0.03,1.23,0.0,0.1,0.0,0.0,0.0,8.986877755211592e-08,-0.00011014087682378716,-5.743573353060114e-05
1770368940.3627048,1.2,0.0,0.03,1.23,0.0,0.1,0.0,0.0,0.0,7.408565993234683e-08,-0.00016957497399400494,-9.08049823739566e-05
1770368940.7696333,1.2,0.0,0.03,1.23,0.0,0.1,0.0,0.0,0.0,5.411777643076327e-08,-0.00027826071558496326,-0.00015005304972800823
1770368941.1785612,1.2,0.0,0.03,1.23,0.0,0.1,0.0,0.0,0.0,4.814085932240417e-08,-0.00027988538220587205,-0.00014015329862434933
1770368941.594742,1.2,0.0,0.03,1.23,0.0,0.1,0.0,0.0,0.0,3.773922772447242e-08,-0.0002384436729480525,-0.00012340374662753268
1770368942.0119462,1.2,0.0,0.03,1.23,0.0,0.1,0.0,0.0,0.0,2.9289115530957476e-08,-0.00029612731262939257,-0.00015386130939836124
1770368942.4307241,1.2,0.0,0.03,1.23,0.0,0.1,0.0,0.0,0.0,1.9617753896307764e-08,-0.00028645940159899373,-0.00014421610965643304
1770368942.8584046,1.2,0.0,0.03,1.23,0.0,0.1,0.0,0.0,0.0,1.423630658527938e-08,-0.00027192914516538684,-0.0001374318345326394
1770368943.2760553,1.2,0.0,0.03,1.23,0.0,0.1,0.0,0.0,0.0,1.2803663416328881e-08,-0.00031680786224562283,-0.00016290460649425134
1770368943.6901636,1.2,0.0,0.03,1.23,0.0,0.1,0.0,0.0,0.0,1.0006904281126083e-08,-0.0002803568197159856,-0.00014383352101523766
1770368944.1042297,1.2,0.0,0.03,1.23,0.0,0.1,0.0,0.0,0.0,7.777116011045974e-09,-8.430562593449343e-05,-6.176570946140698e-05
1770368944.5209281,1.2,0.0,0.03,1.23,0.0,0.1,0.0,0.0,0.0,6.0375819423831596e-09,-4.874361494379449e-05,-2.7934046152909525e-05
1770368944.9358943,1.2,0.0,0.03,1.23,0.0,0.1,0.0,0.0,0.0,3.814127858850029e-09,3.255318385667552e-05,-2.4410085936243614e-05
1770368945.353531,1.2,0.0,0.03,1.23,0.0,0.1,0.0,0.0,0.0,3.1390796705455863e-09,-3.7279879429519516e-05,-2.562638512304981e-05
1770368945.7711089,1.2,0.0,0.03,1.23,0.0,0.1,0.0,0.0,0.0,2.2955993487774142e-09,-7.905911599846875e-05,-4.3709777255478076e-05
1770368946.1842911,1.2,0.0,0.03,1.23,0.0,0.1,0.0,0.0,0.0,2.037359923993072e-09,-0.00020734016628867077,-0.00011650022553327959
1770368946.6036098,1.2,0.0,0.03,1.23,0.0,0.1,0.0,0.0,0.0,1.59265880440384e-09,-0.00020547156504078493,-0.00010292423530398545
1770368947.0124602,1.2,0.0,0.03,1.23,0.0,0.1,0.0,0.0,0.0,1.1777983055749226e-09,-0.0003393181080974436,-0.00018304488615269326
1770368947.431234,1.2,0.0,0.03,1.23,0.0,0.1,0.0,0.0,0.0,7.842274583808756e-10,-0.00021594297971283652,-0.00012030978692233735
1770368947.8478835,1.2,0.0,0.03,1.23,0.0,0.1,0.0,0.0,0.0,6.460063850496972e-10,-0.00016107443564320552,-8.602471823495091e-05
1770368948.2568176,1.2,0.0,0.03,1.23,0.0,0.1,0.0,0.0,0.0,4.73426166636389e-10,-0.0003212394185497812,-0.0001766366809917148
1770368948.66959,1.2,0.0,0.03,1.23,0.0,0.1,0.0,0.0,0.0,3.601430122988526e-10,-0.00017369600354189373,-0.00010160270341474791
1770368949.0814075,1.2,0.0,0.03,1.23,0.0,0.1,0.0,0.0,0.0,3.2908283555342253e-10,-0.00010460404299752135,-5.921154663603346e-05
1770368949.4944088,1.2,0.0,0.03,1.23,0.0,0.1,0.0,0.0,0.0,2.4212240625643606e-10,-7.367145941177476e-05,-3.9929230186868295e-05
1770368949.9147863,1.2,0.0,0.03,1.23,0.0,0.1,0.0,0.0,0.0,1.9817832910591057e-10,-0.00011136363951706694,-5.9451235947391796e-05
1770368950.346446,1.2,0.0,0.03,1.23,0.0,0.1,0.0,0.0,0.0,1.2268361471508173e-10,-2.2240785015085356e-05,-2.0032800641355552e-05
1770368950.7628336,1.2,0.0,0.03,1.23,0.0,0.1,0.0,0.0,0.0,9.71512763441258e-11,-3.4352226100204605e-05,-1.838735430989057e-05
1770368951.176245,1.2,0.0,0.03,1.23,0.0,0.1,0.0,0.0,0.0,8.251140966424355e-11,-7.616832053148882e-05,-4.22658522202825e-05
1770368951.5870283,1.2,0.0,0.03,1.23,0.0,0.1,0.0,0.0,0.0,6.651047127856626e-11,-5.834633803432053e-05,-3.0955433777348375e-05
1770368951.9972854,1.2,0.0,0.03,1.23,0.0,0.1,0.0,0.0,0.0,5.241032537979184e-11,-0.00016044491644815847,-9.04323684757884e-05
1770368952.4095097,1.2,0.0,0.03,1.23,0.0,0.1,0.0,0.0,0.0,3.8580540389992025e-11,-0.00023261882257137007,-0.0001235268404785466
1770368952.8224823,1.2,0.0,0.03,1.23,0.0,0.1,0.0,0.0,0.0,3.157036906247484e-11,-0.00021415340800739026,-0.00010892327703046218
1770368953.2368135,1.2,0.0,0.03,1.23,0.0,0.1,0.0,0.0,0.0,2.0006255888774856e-11,-0.00022165618706946366,-0.00011157839144719506
1770368953.6491387,1.2,0.0,0.03,1.23,0.0,0.1,0.0,0.0,0.0,1.560165992777996e-11,-0.00022793407555369406,-0.00011459484222693
1770368954.0636423,1.2,0.0,0.03,1.23,0.0,0.1,0.0,0.0,0.0,1.2139495439212136e-11,-6.206671515490255e-05,-4.7620105756825865e-05
1770368954.4828267,1.2,0.0,0.03,1.23,0.0,0.1,0.0,0.0,0.0,1.0093381258714001e-11,9.95941054137205e-06,-1.2182327933694746e-05
1770368954.8927732,1.2,0.0,0.03,1.23,0.0,0.1,0.0,0.0,0.0,7.570694956367785e-12,2.4498960803598705e-05,-1.3703442998716975e-05
1770368955.3085825,1.2,0.0,0.03,1.23,0.0,0.1,0.0,0.0,0.0,6.547734460834599e-12,-0.00016412062395267007,-0.00010092227699969637
1770368955.7279189,1.2,0.0,0.03,1.23,0.0,0.1,0.0,0.0,0.0,4.390919976429099e-12,-9.072423164950877e-05,-5.270175944599049e-05
1770368956.161561,1.2,0.0,0.03,1.23,0.0,0.1,0.0,0.0,0.0,3.4091971718188496e-12,1.1245099452986944e-05,-1.5819486245940216e-05
1770368956.5776937,1.2,0.0,0.03,1.23,0.0,0.1,0.0,0.0,0.0,2.72220712312393e-12,-9.380942829541481e-05,-5.7410169644754706e-05
1770368956.9880934,1.2,0.0,0.03,1.23,0.0,0.1,0.0,0.0,0.0,2.1194595107801785e-12,-0.000160944254975694,-8.718561227533444e-05
1770368957.4044068,1.2,0.0,0.03,1.23,0.0,0.1,0.0,0.0,0.0,1.6459137095729349e-12,-0.00015254730488280176,-7.711334909660382e-05
1770368957.8249795,1.2,0.0,0.03,1.23,0.0,0.1,0.0,0.0,0.0,1.2886128635624987e-12,-0.00019447116012249275,-0.00010142796687382835
1770368958.244511,1.2,0.0,0.03,1.23,0.0,0.1,0.0,0.0,0.0,8.636781160403138e-13,-0.0001492759818250413,-7.915750960594392e-05
1770368958.66617,1.2,0.0,0.03,1.23,0.0,0.1,0.0,0.0,0.0,6.378705396728756e-13,-1.6171107130870047e-05,-2.139604167272269e-05
1770368959.0800488,1.2,0.0,0.03,1.23,0.0,0.1,0.0,0.0,0.0,5.664147604334157e-13,5.4257583872554545e-05,-3.417166160303449e-05
1770368959.4927144,1.2,0.0,0.03,1.23,0.0,0.1,0.0,0.0,0.0,4.3844298531883434e-13,9.333758183585631e-05,-5.057679115270132e-05
1770368959.909317,1.2,0.0,0.03,1.23,0.0,0.1,0.0,0.0,0.0,3.412022201878567e-13,0.00012263789391235864,-6.424897850503177e-05
1770368960.3219912,1.2,0.0,0.03,1.23,0.0,0.1,0.0,0.0,0.0,2.647081016845818e-13,0.0001503030798048115,-7.791805875635913e-05
1770368960.7306516,1.2,0.0,0.03,1.23,0.0,0.1,0.0,0.0,0.0,1.7648050200075137e-13,5.941901649448735e-05,-3.879791475475659e-05
1770368961.140174,1.2,0.0,0.03,1.23,0.0,0.1,0.0,0.0,0.0,1.3684644448685688e-13,7.558260665172245e-05,-3.940766247843118e-05
1770368961.5508966,1.2,0.0,0.03,1.23,0.0,0.1,0.0,0.0,0.0,1.0629028218333286e-13,2.313081357195285e-05,-1.6810586200243667e-05
1770368961.970977,1.2,0.0,0.03,1.23,0.0,0.1,0.0,0.0,0.0,8.188005450481431e-14,-9.952407648314682e-05,-6.202752732896344e-05
1770368962.4011424,1.2,0.0,0.03,1.23,0.0,0.1,0.0,0.0,0.0,6.978216854264691e-14,-0.00027337836099245203,-0.00015407460901693872
1770368962.8135786,1.2,0.0,0.03,1.23,0.0,0.1,0.0,0.0,0.0,5.4167570383270204e-14,-0.0002882475399694497,-0.0001456106879365922
1770368963.2249756,1.2,0.0,0.03,1.23,0.0,0.1,0.0,0.0,0.0,4.150845714475459e-14,-0.00014563952086935438,-8.708056238619519e-05
1770368963.6419892,1.2,0.0,0.03,1.23,0.0,0.1,0.0,0.0,0.0,2.8018161425945572e-14,-0.00019652797005078118,-0.00010335282997155143
1770368964.0529811,1.2,0.0,0.03,1.23,0.0,0.1,0.0,0.0,0.0,2.171744179952047e-14,-0.00016543422967859822,-8.582648889823484e-05
1770368964.4681695,1.2,0.0,0.03,1.23,0.0,0.1,0.0,0.0,0.0,1.6192388891238908e-14,-0.0001277719965446001,-6.765222160189224e-05
1770368964.8800118,1.2,0.0,0.03,1.23,0.0,0.1,0.0,0.0,0.0,1.427198415916158e-14,-6.77326884044384e-05,-3.987027503050736e-05
1770368965.2904553,1.2,0.0,0.03,1.23,0.0,0.1,0.0,0.0,0.0,0.0011761501326685772,0.004557142026549524,-0.003917208617438736
1770368965.7055964,1.2,0.0,0.03,1.23,0.0,0.1,0.0,0.0,0.0,-0.00097832278026848,0.11290566493227036,-0.06826600753697575
1770368966.1159368,1.2,0.0,0.03,1.23,0.0,0.1,0.0,0.0,0.0,0.0023400358676157647,0.19182204188404114,-0.10614269450481341
1770368966.5303907,1.2,0.0,0.03,1.23,0.0,0.1,0.0,0.0,0.0,0.0005712819367919523,0.276992807605581,-0.14758476231173642
1770368966.9453218,1.2,0.0,0.03,1.23,0.0,0.1,0.0,0.0,0.0,-0.0006826203972856387,0.3415523255341124,-0.17791473495719498
1770368967.3605154,1.2,0.0,0.03,1.23,0.0,0.1,0.0,0.0,0.0,0.00015948390973617016,0.3889221524000236,-0.19935754279633908
1770368967.780878,1.2,0.0,0.03,1.23,0.0,0.1,0.0,0.0,0.0,-0.0005980763171878125,0.4340706423210628,-0.22214824646982312
1770368968.1940622,1.2,0.0,0.03,1.23,0.0,0.1,0.0,0.0,0.0,-0.0006877358856180704,0.40432438106715773,-0.20582455254458745
1770368968.6034405,1.2,0.0,0.03,1.23,0.0,0.1,0.0,0.0,0.0,4.879380446152217e-05,0.3195935597879846,-0.16831865582637112
1770368969.0329406,1.2,0.0,0.03,1.23,0.0,0.1,0.0,0.0,0.0,9.477984507910934e-06,0.24721469760202583,-0.13085471300411672
1770368969.4485507,1.2,0.0,0.03,1.23,0.0,0.1,0.0,0.0,0.0,7.433536001719747e-06,0.19558203425677886,-0.10296171699891585
1770368969.8662171,1.2,0.0,0.03,1.23,0.0,0.1,0.0,0.0,0.0,5.574871370836362e-06,0.15583000605608818,-0.08189578071948399
1770368970.2777839,1.2,0.0,0.03,1.23,0.0,0.1,0.0,0.0,0.0,-0.0008391918189499183,0.06038336793304222,-0.04057553959777563
1770368970.689227,1.2,0.0,0.03,1.23,0.0,0.1,0.0,0.0,0.0,-0.0007499868280203484,-0.07205499125898092,-0.05002131837671312
1770368971.1024394,1.2,0.0,0.03,1.23,0.0,0.1,0.0,0.0,0.0,-0.0038846881641236295,-0.11592204603682577,-0.066232416660321
1770368971.509304,1.2,0.0,0.03,1.23,0.0,0.1,0.0,0.0,0.0,0.00012567420936739638,-0.09181671215028209,-0.048444563673162806
1770368971.9263465,1.2,0.0,0.03,1.23,0.0,0.1,0.0,0.0,0.0,1.641056021545475e-05,-0.07320157126754723,-0.03847871028226255
1770368972.3353813,1.2,0.0,0.03,1.23,0.0,0.1,0.0,0.0,0.0,1.0709898822657735e-05,-0.0563783548225158,-0.029882208954583697
1770368972.7458255,1.2,0.0,0.03,1.23,0.0,0.1,0.0,0.0,0.0,8.042210188321194e-06,-0.044783023400282236,-0.023559087052552795
1770368973.160685,1.2,0.0,0.03,1.23,0.0,0.1,0.0,0.0,0.0,6.456471719924582e-06,-0.03569517478603744,-0.018762828726163125
1770368973.5762327,1.2,0.0,0.03,1.23,0.0,0.1,0.0,0.0,0.0,5.4622243382969816e-06,-0.02767240786919452,-0.01464394285061985
1770368973.9892848,1.2,0.0,0.03,1.23,0.0,0.1,0.0,0.0,0.0,4.266013288747264e-06,-0.022014155206408224,-0.01157716888277149
1770368974.402479,1.2,0.0,0.03,1.23,0.0,0.1,0.0,0.0,0.0,3.319433169839105e-06,-0.01749038914323969,-0.009200890611106537
1770368974.8139083,1.2,0.0,0.03,1.23,0.0,0.1,0.0,0.0,0.0,2.4410022456458804e-06,-0.013987395893136622,-0.007346438273824264
1770368975.2451425,1.2,0.0,0.03,1.23,0.0,0.1,0.0,0.0,0.0,1.6510308758672754e-06,-0.010790338525873857,-0.005716526030539072
1770368975.6611652,1.2,0.0,0.03,1.23,0.0,0.1,0.0,0.0,0.0,1.337333260673842e-06,-0.008486440912356705,-0.004474947550790742
1770368976.076789,1.2,0.0,0.03,1.23,0.0,0.1,0.0,0.0,0.0,1.1326636637366482e-06,-0.006465440720221842,-0.003435953042988144
1770368976.4952693,1.2,0.0,0.03,1.23,0.0,0.1,0.0,0.0,0.0,8.797533438595721e-07,-0.005206852766907977,-0.0027301649321292347
1770368976.9037402,1.2,0.0,0.03,1.23,0.0,0.1,0.0,0.0,0.0,6.828117935369706e-07,-0.004061152206758268,-0.002145828971187642
1770368977.3359635,1.2,0.0,0.03,1.23,0.0,0.1,0.0,0.0,0.0,4.5619787652410417e-07,-0.0030361243158610646,-0.0016210211448967767
1770368977.7479014,1.2,0.0,0.03,1.23,0.0,0.1,0.0,0.0,0.0,3.321577733160278e-07,-0.002505331082444085,-0.0013060770223370564
1770368978.1791024,1.2,0.0,0.03,1.23,0.0,0.1,0.0,0.0,0.0,2.998633708169729e-07,-0.0020082735480055087,-0.0010541423908174289
1770368978.5892375,1.2,0.0,0.03,1.23,0.0,0.1,0.0,0.0,0.0,2.32919448886408e-07,-0.0016491586551404848,-0.0008607237363056312
1770368979.0061867,1.2,0.0,0.03,1.23,0.0,0.1,0.0,0.0,0.0,1.8076860229047468e-07,-0.0013890933948934004,-0.0007207339920736991
1770368979.4307826,1.2,0.0,0.03,1.23,0.0,0.1,0.0,0.0,0.0,1.2072240206130723e-07,-0.0011958560997870481,-0.0006173725018062205
1770368979.845713,1.2,0.0,0.03,1.23,0.0,0.1,0.0,0.0,0.0,8.956633418199886e-08,-0.0009564268732132673,-0.0005022459255981938
1770368980.2556689,1.2,0.0,0.03,1.23,0.0,0.1,0.0,0.0,0.0,7.281888381404792e-08,-0.0006956567441181121,-0.0003739782038523856
1770368980.6628308,1.2,0.0,0.03,1.23,0.0,0.1,0.0,0.0,0.0,5.6433686824704444e-08,-0.000556001207118464,-0.00029202259094602146
1770368981.0799623,1.2,0.0,0.03,1.23,0.0,0.1,0.0,0.0,0.0,4.813320787445971e-08,-0.00039557680058227644,-0.00021387897415263145
1770368981.5054183,1.2,0.0,0.03,1.23,0.0,0.1,0.0,0.0,0.0,3.769636440689428e-08,-0.00028300745773265603,-0.00015279835951569697
1770368981.9253092,1.2,0.0,0.03,1.23,0.0,0.1,0.0,0.0,0.0,2.5476518119421202e-08,-0.00024405839393837068,-0.0001259495798667333
1770368982.3401344,1.2,0.0,0.03,1.23,0.0,0.1,0.0,0.0,0.0,1.984812761346656e-08,-0.00020031733134482946,-0.00010455262005938232
1770368982.7572408,1.2,0.0,0.03,1.23,0.0,0.1,0.0,0.0,0.0,1.5441583033751315e-08,-0.00015257862746787776,-8.10786257046678e-05
1770368983.169432,1.2,0.0,0.03,1.23,0.0,0.1,0.0,0.0,0.0,1.199023170187762e-08,-0.00028968959353723226,-0.00015856788360725345
1770368983.5834918,1.2,0.0,0.03,1.23,0.0,0.1,0.0,0.0,0.0,1.0113438564892028e-08,-0.0002639609567356755,-0.0001345634554865583
1770368984.0006611,1.2,0.0,0.03,1.23,0.0,0.1,0.0,0.0,0.0,7.022836181591953e-09,-0.00029554106935524894,-0.0001509355687757634
1770368984.4115887,1.2,0.0,0.03,1.23,0.0,0.1,0.0,0.0,0.0,6.076428730132323e-09,-0.00030809065771450847,-0.00015530636412191032
1770368984.8600423,1.2,0.0,0.03,1.23,0.0,0.1,0.0,0.0,0.0,3.7773538317962735e-09,-0.00033698521789114175,-0.000171385842317066
1770368985.3194466,1.2,0.0,0.03,1.23,0.0,0.1,0.0,0.0,0.0,3.4383916637527266e-09,-0.00029828145791402,-0.00015301454334638593
1770368985.7811563,1.2,0.0,0.03,1.23,0.0,0.1,0.0,0.0,0.0,2.3007038314030745e-09,-0.00028157107067598133,-0.00014245887476562594
1770368986.2313623,1.2,0.0,0.03,1.23,0.0,0.1,0.0,0.0,0.0,1.6756702460039185e-09,-0.00018439766815505636,-0.00010191784999986668
1770368986.6474075,1.2,0.0,0.03,1.23,0.0,0.1,0.0,0.0,0.0,1.2192134366053504e-09,-0.0001041455244180631,-6.009919579616748e-05
1770368987.0833986,1.2,0.0,0.03,1.23,0.0,0.1,0.0,0.0,0.0,9.823759961325988e-10,-0.00010506536604985901,-5.2625649564105234e-05
1770368987.5015388,1.2,0.0,0.03,1.23,0.0,0.1,0.0,0.0,0.0,8.507902536696418e-10,-7.286590220526616e-05,-3.965374827734604e-05
1770368987.9110687,1.2,0.0,0.03,1.23,0.0,0.1,0.0,0.0,0.0,6.606870459669712e-10,-1.9389925295602254e-05,-1.5043221025813486e-05
1770368988.3197677,1.2,0.0,0.03,1.23,0.0,0.1,0.0,0.0,0.0,5.124500128376401e-10,-7.109536280426898e-05,-4.0718737603014e-05
1770368988.731909,1.2,0.0,0.03,1.23,0.0,0.1,0.0,0.0,0.0,3.418966118123388e-10,-0.00014529371950783304,-8.006703732088474e-05
1770368989.1419396,1.2,0.0,0.03,1.23,0.0,0.1,0.0,0.0,0.0,2.6556034493097984e-10,-0.00010551234108900706,-5.673457394673106e-05
1770368989.5565724,1.2,0.0,0.03,1.23,0.0,0.1,0.0,0.0,0.0,2.0578328278994847e-10,-0.00011549083976708923,-5.8743475534635625e-05
1770368989.975019,1.2,0.0,0.03,1.23,0.0,0.1,0.0,0.0,0.0,1.5971196540425214e-10,-0.00017585436930479906,-9.396369731813591e-05
1770368990.3940635,1.2,0.0,0.03,1.23,0.0,0.1,0.0,0.0,0.0,1.2762239137487607e-10,-6.546128600933968e-05,-4.377007895660715e-05
1770368990.8116505,1.2,0.0,0.03,1.23,0.0,0.1,0.0,0.0,0.0,1.0469345449478737e-10,-6.936806422033363e-05,-3.5074814624720704e-05
1770368991.2329855,1.2,0.0,0.03,1.23,0.0,0.1,0.0,0.0,0.0,6.996043799244631e-11,-0.00011645178646415266,-6.293433541689622e-05
1770368991.6497755,1.2,0.0,0.03,1.23,0.0,0.1,0.0,0.0,0.0,5.424145363396283e-11,3.777847992177269e-07,-1.1871903767399537e-05
1770368992.0604236,1.2,0.0,0.03,1.23,0.0,0.1,0.0,0.0,0.0,4.17580601281083e-11,7.052090093011755e-05,-4.227480383620889e-05
1770368992.4813356,1.2,0.0,0.03,1.23,0.0,0.1,0.0,0.0,0.0,3.52426019790281e-11,2.4667642826568932e-05,-1.6919182466241306e-05
1770368992.9088855,1.2,0.0,0.03,1.23,0.0,0.1,0.0,0.0,0.0,2.7396612090584377e-11,-5.354238428561213e-05,-3.459222225063627e-05
1770368993.3171046,1.2,0.0,0.03,1.23,0.0,0.1,0.0,0.0,0.0,2.1322893229389727e-11,-0.00011396796473762068,-6.302656173690443e-05
1770368993.7284997,1.2,0.0,0.03,1.23,0.0,0.1,0.0,0.0,0.0,1.4245402511635329e-11,-0.00027406560013963817,-0.00015304257785542336
1770368994.1465106,1.2,0.0,0.03,1.23,0.0,0.1,0.0,0.0,0.0,1.1024314901081213e-11,-0.00029574178309041215,-0.00015003852086459838
1770368994.5863585,1.2,0.0,0.03,1.23,0.0,0.1,0.0,0.0,0.0,8.840334430211807e-12,-0.00019766985652553914,-0.0001086421297595913
1770368995.0018773,1.2,0.0,0.03,1.23,0.0,0.1,0.0,0.0,0.0,7.230910531105494e-12,-0.00030258035855978434,-0.00016178123671422721
1770368995.408673,1.2,0.0,0.03,1.23,0.0,0.1,0.0,0.0,0.0,5.6380396335189856e-12,-0.0003116420149865035,-0.0001567271787739633
1770368995.845741,1.2,0.0,0.03,1.23,0.0,0.1,0.0,0.0,0.0,3.7850887507596984e-12,-0.0003802779728387216,-0.0001970025859896714
1770368996.2752542,1.2,0.0,0.03,1.23,0.0,0.1,0.0,0.0,0.0,2.9461484829320347e-12,-0.00047400969202627256,-0.00024637802087803986
1770368996.6993244,1.2,0.0,0.03,1.23,0.0,0.1,0.0,0.0,0.0,2.357908193877288e-12,-0.00036545889177864093,-0.00019358452827199183
1770368997.1291375,1.2,0.0,0.03,1.23,0.0,0.1,0.0,0.0,0.0,1.665722408980472e-12,-0.00027905478680547514,-0.00014816780556577657
1770368997.5382264,1.2,0.0,0.03,1.23,0.0,0.1,0.0,0.0,0.0,1.2985252156143202e-12,-0.00018162426332244777,-0.00010055518530805184
1770368997.9527855,1.2,0.0,0.03,1.23,0.0,0.1,0.0,0.0,0.0,1.0120539927755713e-12,-5.165568672656139e-05,-3.8824702034923324e-05
1770368998.4073026,1.2,0.0,0.03,1.23,0.0,0.1,0.0,0.0,0.0,8.55736781079393e-13,-0.00013598542222982622,-7.642568552097638e-05
1770368998.833479,1.2,0.0,0.03,1.23,0.0,0.1,0.0,0.0,0.0,5.689733347579202e-13,-0.00013264999748907128,-6.665854178758447e-05
1770368999.2450016,1.2,0.0,0.03,1.23,0.0,0.1,0.0,0.0,0.0,4.4647735736234555e-13,-0.00017870934316593803,-9.396060659713305e-05
1770368999.6817198,1.2,0.0,0.03,1.23,0.0,0.1,0.0,0.0,0.0,3.2715215997527287e-13,-0.00017558318163013095,-8.810420729579835e-05
1770369000.1003826,1.2,0.0,0.03,1.23,0.0,0.1,0.0,0.0,0.0,2.922820620076361e-13,-0.0002923598244204908,-0.00015785757678156347
1770369000.5229857,1.2,0.0,0.03,1.23,0.0,0.1,0.0,0.0,0.0,2.2720241086193223e-13,-0.00030591868038786364,-0.0001543152260178715
1770369000.9392169,1.2,0.0,0.03,1.23,0.0,0.1,0.0,0.0,0.0,1.5209450019338238e-13,-0.00023130729149521763,-0.0001231147847889679
1770369001.3555698,1.2,0.0,0.03,1.23,0.0,0.1,0.0,0.0,0.0,1.1119174386305061e-13,-0.00029446942583575295,-0.00015355092646312173
1770369001.7805789,1.2,0.0,0.03,1.23,0.0,0.1,0.0,0.0,0.0,9.432357635083839e-14,-0.00022319517435050274,-0.00011872501241809995
1770369002.2011423,1.2,0.0,0.03,1.23,0.0,0.1,0.0,0.0,0.0,7.706143994201445e-14,-0.0001567123106668035,-8.500444177883312e-05
1770369002.6162462,1.2,0.0,0.03,1.23,0.0,0.1,0.0,0.0,0.0,5.688254897698589e-14,-9.907986803456882e-05,-5.530317833739043e-05
1770369003.0476825,1.2,0.0,0.03,1.23,0.0,0.1,0.0,0.0,0.0,3.787725626651851e-14,-0.0001363734165694179,-7.191606317607111e-05
1770369003.4670458,1.2,0.0,0.03,1.23,0.0,0.1,0.0,0.0,0.0,3.074350778172176e-14,-0.00011163775112706596,-5.829244213851168e-05
1770369003.8830147,1.2,0.0,0.03,1.23,0.0,0.1,0.0,0.0,0.0,2.6304313837315562e-14,-8.478504234041355e-05,-4.507779207517633e-05
1770369004.2984452,1.2,0.0,0.03,1.23,0.0,0.1,0.0,0.0,0.0,2.042439340185512e-14,-0.00029014870484114633,-0.00016561071869107083
1770369004.7311208,1.2,0.0,0.03,1.23,0.0,0.1,0.0,0.0,0.0,1.257820510332428e-14,-0.00032080681441565024,-0.00016346921817785373
1770369005.1909323,1.2,0.0,0.03,1.23,0.0,0.1,0.0,0.0,0.0,1.0606556190858707e-14,-0.0003282439917924396,-0.0001648657136445053
1770369005.612864,1.2,0.0,0.03,1.23,0.0,0.1,0.0,0.0,0.0,8.41844877180327e-15,-0.00027227229741031247,-0.0001417333181517874
1770369006.0436554,1.2,0.0,0.03,1.23,0.0,0.1,0.0,0.0,0.0,5.6195699449026916e-15,-0.00014678600092029575,-8.594163011476911e-05
1770369006.4788547,1.2,0.0,0.03,1.23,0.0,0.1,0.0,0.0,0.0,4.408513493983841e-15,-0.00024231550814684944,-0.00013071070480048862
1770369006.9286065,1.2,0.0,0.03,1.23,0.0,0.1,0.0,0.0,0.0,3.218185232662595e-15,-0.00021379196973973194,-0.00010974833871379591
1770369007.3505669,1.2,0.0,0.03,1.23,0.0,0.1,0.0,0.0,0.0,2.5191339917943194e-15,-0.00019122531645201544,-9.78693235572985e-05
1770369007.7721107,1.2,0.0,0.03,1.23,0.0,0.1,0.0,0.0,0.0,1.9460452303807e-15,-0.000170029720927979,-8.71344200183392e-05
1770369008.2028449,1.2,0.0,0.03,1.23,0.0,0.1,0.0,0.0,0.0,1.6531820973377885e-15,-0.0002021095236234671,-0.00010426274208293555
1770369008.6119719,1.2,0.0,0.03,1.23,0.0,0.1,0.0,0.0,0.0,1.2829033797020867e-15,-0.00011334757537980158,-6.554998251555025e-05
1770369009.02086,1.2,0.0,0.03,1.23,0.0,0.1,0.0,0.0,0.0,1.0477086295612985e-15,-0.00013503315355434188,-6.968513459567268e-05
1770369009.452484,1.2,0.0,0.03,1.23,0.0,0.1,0.0,0.0,0.0,6.631956402739194e-16,-0.00017763218233675187,-9.307599404728013e-05
1770369009.8674562,1.2,0.0,0.03,1.23,0.0,0.1,0.0,0.0,0.0,5.082669577372434e-16,-0.0002450790582624767,-0.00012928421672431912
1770369010.2794726,1.2,0.0,0.03,1.23,0.0,0.1,0.0,0.0,0.0,4.630478599700046e-16,-0.000350746013241469,-0.00018593970211909676
1770369010.6893806,1.2,0.0,0.03,1.23,0.0,0.1,0.0,0.0,0.0,3.4043844557348595e-16,-0.0003485516816020011,-0.00017449527396528778
1770369011.1131597,1.2,0.0,0.03,1.23,0.0,0.1,0.0,0.0,0.0,2.639820063982631e-16,-0.00034057895447127943,-0.00017108674994897587
1770369011.5242891,1.2,0.0,0.03,1.23,0.0,0.1,0.0,0.0,0.0,2.0547210884572e-16,-0.0004032933786579002,-0.00020791813174781768
1770369011.9419818,1.2,0.0,0.03,1.23,0.0,0.1,0.0,0.0,0.0,1.366718268153104e-16,-0.0003849327984111664,-0.00019430245723039323
1770369012.35399,1.2,0.0,0.03,1.23,0.0,0.1,0.0,0.0,0.0,0.07604359049403742,-9.165209507817573e-05,-0.0761187446119098
1770369012.7667992,1.2,0.0,0.03,1.23,0.0,0.1,0.0,0.0,0.0,0.3449284462853256,0.003433602504064414,-0.3469977729972721
1770369013.1799705,1.2,0.0,0.03,1.23,0.0,0.1,0.0,0.0,0.0,0.3923145758601083,-0.0009683382042431347,-0.3932389390330606
1770369013.5900598,1.2,0.0,0.03,1.23,0.0,0.1,0.0,0.0,0.0,0.3623440135256072,0.001091671019126249,-0.3630958499575072
1770369014.002325,1.2,0.0,0.03,1.23,0.0,0.1,0.0,0.0,0.0,0.2943481992046467,9.977948928869645e-05,-0.29449727810227483
1770369014.4111185,1.2,0.0,0.03,1.23,0.0,0.1,0.0,0.0,0.0,0.4151725530817312,-0.00021548068311349347,-0.41531181944052814
1770369014.8207016,1.2,0.0,0.03,1.23,0.0,0.1,0.0,0.0,0.0,0.2924126834466669,-0.0011986888656355585,-0.2931103486977369
1770369015.2307935,1.2,0.0,0.03,1.23,0.0,0.1,0.0,0.0,0.0,0.031792713476720365,-0.0015521914318285806,-0.03260415944925396
1770369015.6693428,1.2,0.0,0.03,1.23,0.0,0.1,0.0,0.0,0.0,-0.00962673047651632,-0.0007820194724378328,-0.01009475740867431
1770369016.085836,1.2,0.0,0.03,1.23,0.0,0.1,0.0,0.0,0.0,-0.008483903666539946,-0.000710049152529652,-0.00884612527479559
1770369016.4969254,1.2,0.0,0.03,1.23,0.0,0.1,0.0,0.0,0.0,-0.006583988575983719,-0.0006630032403276076,-0.006920194787367727
1770369016.9273908,1.2,0.0,0.03,1.23,0.0,0.1,0.0,0.0,0.0,-0.008103261367830088,0.057020914480473105,-0.04238211038014671
1770369017.3716037,1.2,0.0,0.03,1.23,0.0,0.1,0.0,0.0,0.0,-0.0045751806319293655,0.1839949247882008,-0.10927004405680253
1770369017.7847052,1.2,0.0,0.03,1.23,0.0,0.1,0.0,0.0,0.0,-0.0029753950256625,0.32778825361181163,-0.1812488547139294
1770369018.1978526,1.2,0.0,0.03,1.23,0.0,0.1,0.0,0.0,0.0,-0.0009506447699321065,0.4239539685209057,-0.2225442005212944
1770369018.611827,1.2,0.0,0.03,1.23,0.0,0.1,0.0,0.0,0.0,0.16301641073179338,0.448272560082589,-0.38958454992925623
1770369019.0216212,1.2,0.0,0.03,1.23,0.0,0.1,0.0,0.0,0.0,0.329916642446804,0.3830446112092521,-0.5279617429387637
1770369019.4424045,1.2,0.0,0.03,1.23,0.0,0.1,0.0,0.0,0.0,0.2884665518532116,0.42300327991274045,-0.5039640586799307
1770369019.8532538,1.2,0.0,0.03,1.23,0.0,0.1,0.0,0.0,0.0,0.28994032848925877,0.4164740875931204,-0.4988302915177809
1770369020.263328,1.2,0.0,0.03,1.23,0.0,0.1,0.0,0.0,0.0,0.29531887517446326,0.3892729570977544,-0.49267546677287705
1770369020.6825316,1.2,0.0,0.03,1.23,0.0,0.1,0.0,0.0,0.0,0.08869259377379679,0.33291677151133,-0.26078659808810417
1770369021.1022415,1.2,0.0,0.03,1.23,0.0,0.1,0.0,0.0,0.0,-0.01613524801368158,0.26214889078956516,-0.15428648148064064
1770369021.5313137,1.2,0.0,0.03,1.23,0.0,0.1,0.0,0.0,0.0,-0.32003258773076715,0.2036055842654532,-0.42768971051590493
1770369021.9500644,1.2,0.0,0.03,1.23,0.0,0.1,0.0,0.0,0.0,-0.4369258742444759,0.1541254202404343,-0.5189366007671948
1770369022.373797,1.2,0.0,0.03,1.23,0.0,0.1,0.0,0.0,0.0,-0.2741285254591326,0.17320208914343438,-0.3626372369211498
1770369022.8149552,1.2,0.0,0.03,1.23,0.0,0.1,0.0,0.0,0.0,0.016824107408313117,0.27037978846535915,-0.16173177157318516
1770369023.2448282,1.2,0.0,0.03,1.23,0.0,0.1,0.0,0.0,0.0,0.33286162634803984,0.44981512999329853,-0.5757127254974831
1770369023.6663723,1.2,0.0,0.03,1.23,0.0,0.1,0.0,0.0,0.0,0.47281043981622195,0.5994965357833283,-0.7875268482868891
1770369024.0871542,1.2,0.0,0.03,1.23,0.0,0.1,0.0,0.0,0.0,0.15106114526018255,0.6494799948776017,-0.4807994886084107
1770369024.503881,1.2,0.0,0.03,1.23,0.0,0.1,0.0,0.0,0.0,0.07079303423536501,0.6308093938895479,-0.3880647912789444
1770369024.9333239,1.2,0.0,0.03,1.23,0.0,0.1,0.0,0.0,0.0,0.24647890694262128,0.5031376742849264,-0.5108149160455466
1770369025.3525012,1.2,0.0,0.03,1.23,0.0,0.1,0.0,0.0,0.0,0.2890373391820101,0.3440202287066753,-0.47695919809317283
1770369025.7680874,1.2,0.0,0.03,1.23,0.0,0.1,0.0,0.0,0.0,0.3313845876051585,0.36809708457206913,-0.5178408154777324
1770369026.1799693,1.2,0.0,0.03,1.23,0.0,0.1,0.0,0.0,0.0,0.35883409823507556,0.3802007798356376,-0.5501448576792513
1770369026.5971403,1.2,0.0,0.03,1.23,0.0,0.1,0.0,0.0,0.0,0.3624114154545637,0.3995083198921485,-0.5640963294062891
1770369027.0177372,1.2,0.0,0.03,1.23,0.0,0.1,0.0,0.0,0.0,0.19527937639775084,0.4362791628363392,-0.41709604211033946
1770369027.441151,1.2,0.0,0.03,1.23,0.0,0.1,0.0,0.0,0.0,-0.06304455412461078,0.4020447361363062,-0.2674903648627672
1770369027.8518646,1.2,0.0,0.03,1.23,0.0,0.1,0.0,0.0,0.0,-0.2664808384164837,0.3244137190372809,-0.43645079964502664
1770369028.2712898,1.2,0.0,0.03,1.23,0.0,0.1,0.0,0.0,0.0,-0.02657895682085533,0.3156693157189111,-0.18528805501214785
1770369028.703333,1.2,0.0,0.03,1.23,0.0,0.1,0.0,0.0,0.0,-0.003751044395898996,0.4037264623022156,-0.21441999020533722
1770369029.1168106,1.2,0.0,0.03,1.23,0.0,0.1,0.0,0.0,0.0,-0.007159660023375435,0.45822186396868964,-0.24172013217436764
1770369029.529798,1.2,0.0,0.03,1.23,0.0,0.1,0.0,0.0,0.0,-0.0025205234230737295,0.3587836199101477,-0.19185615778400178
1770369029.9411645,1.2,0.0,0.03,1.23,0.0,0.1,0.0,0.0,0.0,-0.001174121493013648,0.284462255911069,-0.15083738584845602
1770369030.3592522,1.2,0.0,0.03,1.23,0.0,0.1,0.0,0.0,0.0,-0.0008633343048513475,0.2277083346947903,-0.12039289377387437
1770369030.7697048,1.2,0.0,0.03,1.23,0.0,0.1,0.0,0.0,0.0,-0.0007213836980104563,0.17915558286539357,-0.09515445031364692
1770369031.1903172,1.2,0.0,0.03,1.23,0.0,0.1,0.0,0.0,0.0,-0.0006097980094640329,0.13816051753459582,-0.07378956330984172
1770369031.6143444,1.2,0.0,0.03,1.23,0.0,0.1,0.0,0.0,0.0,-0.0008758773222968258,0.0568160683944147,-0.03741835643352229
1770369032.0228472,1.2,0.0,0.03,1.23,0.0,0.1,0.0,0.0,0.0,-0.0008962665331153654,-0.04052273033132748,-0.030891511571353322
1770369032.4320984,1.2,0.0,0.03,1.23,0.0,0.1,0.0,0.0,0.0,-0.0012416889252012005,-0.15718340820466392,-0.0914994608148668
1770369032.8412952,1.2,0.0,0.03,1.23,0.0,0.1,0.0,0.0,0.0,-0.00018368628793335133,-0.23365418334067456,-0.12465785547187169
1770369033.2524557,1.2,0.0,0.03,1.23,0.0,0.1,0.0,0.0,0.0,-0.002035952786723956,-0.3002577233374482,-0.15882516845512543
1770369033.6613343,1.2,0.0,0.03,1.23,0.0,0.1,0.0,0.0,0.0,0.0005580010305997396,-0.3500333186393943,-0.1805522198804915
1770369034.0700283,1.2,0.0,0.03,1.23,0.0,0.1,0.0,0.0,0.0,0.0007042658471384253,-0.39110110680582916,-0.20036159806669648
1770369034.4900355,1.2,0.0,0.03,1.23,0.0,0.1,0.0,0.0,0.0,0.001255233695682359,-0.43360825975157824,-0.2223100788660464
1770369034.9029276,1.2,0.0,0.03,1.23,0.0,0.1,0.0,0.0,0.0,1.0980294083544128e-05,-0.46871248944569416,-0.23787764798634223
1770369035.312401,1.2,0.0,0.03,1.23,0.0,0.1,0.0,0.0,0.0,-0.0012812852414046572,-0.49733182338603626,-0.25280913032845703
1770369035.7263694,1.2,0.0,0.03,1.23,0.0,0.1,0.0,0.0,0.0,0.0001985708220304786,-0.5218937464242154,-0.2636016363379561
1770369036.1416392,1.2,0.0,0.03,1.23,0.0,0.1,0.0,0.0,0.0,0.0004923026431188321,-0.5382967132893768,-0.2712809559743234
1770369036.5553548,1.2,0.0,0.03,1.23,0.0,0.1,0.0,0.0,0.0,0.05315101160508633,-0.48495849113460043,-0.3009640793878642
1770369036.97523,1.2,0.0,0.03,1.23,0.0,0.1,0.0,0.0,0.0,0.3312308003409033,-0.3853274209193025,-0.5338576178220844
1770369037.3903708,1.2,0.0,0.03,1.23,0.0,0.1,0.0,0.0,0.0,0.21194569592378867,-0.31490062983258216,-0.3764386899487518
1770369037.8104656,1.2,0.0,0.03,1.23,0.0,0.1,0.0,0.0,0.0,0.2632918572482889,-0.2520235605803473,-0.39559134446368605
1770369038.2232902,1.2,0.0,0.03,1.23,0.0,0.1,0.0,0.0,0.0,0.27491550913384305,-0.19779167819294993,-0.37923453646905775
1770369038.6363707,1.2,0.0,0.03,1.23,0.0,0.1,0.0,0.0,0.0,0.26776027460700463,-0.12955794257858363,-0.3393626194577331
1770369039.0493073,1.2,0.0,0.03,1.23,0.0,0.1,0.0,0.0,0.0,0.23078387753236418,-0.05204316226820703,-0.26455693669750535
1770369039.4689488,1.2,0.0,0.03,1.23,0.0,0.1,0.0,0.0,0.0,0.23703101666182055,0.026199332733624084,-0.25795493252881574
1770369039.8818092,1.2,0.0,0.03,1.23,0.0,0.1,0.0,0.0,0.0,0.05108218860291773,0.048352276078954905,-0.07747362097692827
1770369040.2972698,1.2,0.0,0.03,1.23,0.0,0.1,0.0,0.0,0.0,-0.00673828467593486,0.03951047769711044,-0.02737770336267453
1770369040.7171042,1.2,0.0,0.03,1.23,0.0,0.1,0.0,0.0,0.0,0.16794327856856836,0.03596831748429572,-0.1862816533319977
1770369041.1316967,1.2,0.0,0.03,1.23,0.0,0.1,0.0,0.0,0.0,0.16135676026526952,0.025435812311450454,-0.17512791693827928
1770369041.545325,1.2,0.0,0.03,1.23,0.0,0.1,0.0,0.0,0.0,0.1627551042556094,0.01847041111311498,-0.17268684993200045
1770369041.9573867,1.2,0.0,0.03,1.23,0.0,0.1,0.0,0.0,0.0,0.16088568474687198,0.013347989462454787,-0.1680719216431654
1770369042.3792996,1.2,0.0,0.03,1.23,0.0,0.1,0.0,0.0,0.0,0.16460640727784745,-0.019645655587258885,-0.17772859957644827
1770369042.791105,1.2,0.0,0.03,1.23,0.0,0.1,0.0,0.0,0.0,0.1541369122594092,-0.08484060430810735,-0.20307670928554772
1770369043.2063587,1.2,0.0,0.03,1.23,0.0,0.1,0.0,0.0,0.0,0.16819362003970223,-0.12080497518956632,-0.2321925447226313
1770369043.6179307,1.2,0.0,0.03,1.23,0.0,0.1,0.0,0.0,0.0,0.16386768705866536,-0.09835382627163958,-0.2152897150862778
1770369044.0284245,1.2,0.0,0.03,1.23,0.0,0.1,0.0,0.0,0.0,0.15296593761028185,-0.09165932786686726,-0.1994650513841927
1770369044.4405727,1.2,0.0,0.03,1.23,0.0,0.1,0.0,0.0,0.0,0.1645832752943415,-0.14636050022450045,-0.24323364264235506
1770369044.8491719,1.2,0.0,0.03,1.23,0.0,0.1,0.0,0.0,0.0,0.14340510430445558,-0.110305414154596,-0.202163319988744
1770369045.25642,1.2,0.0,0.03,1.23,0.0,0.1,0.0,0.0,0.0,0.16034891759696293,-0.0754538618793213,-0.20156100376415104
1770369045.6647608,1.2,0.0,0.03,1.23,0.0,0.1,0.0,0.0,0.0,0.17082062324249728,-0.05585196845810403,-0.200706796813671
1770369046.0731726,1.2,0.0,0.03,1.23,0.0,0.1,0.0,0.0,0.0,0.17297034847253584,-0.04997803246934804,-0.19854675830608548
1770369046.4893906,1.2,0.0,0.03,1.23,0.0,0.1,0.0,0.0,0.0,0.17020952108967452,-0.03922313316332442,-0.1908965776019391
1770369046.9025788,1.2,0.0,0.03,1.23,0.0,0.1,0.0,0.0,0.0,0.17154644133207292,-0.07218471064517434,-0.21093495440284507
1770369047.3124373,1.2,0.0,0.03,1.23,0.0,0.1,0.0,0.0,0.0,0.16975649375348678,-0.13870015890227133,-0.24575811803033215
1770369047.7203774,1.2,0.0,0.03,1.23,0.0,0.1,0.0,0.0,0.0,0.19673900716330203,-0.19755044762184173,-0.30139925984617993
1770369048.1295247,1.2,0.0,0.03,1.23,0.0,0.1,0.0,0.0,0.0,0.16496706869126548,-0.2384135298089825,-0.28826014181447085
1770369048.5399847,1.2,0.0,0.03,1.23,0.0,0.1,0.0,0.0,0.0,0.0007149346969814316,-0.1867715732628215,-0.09926491698300828
1770369048.9531245,1.2,0.0,0.03,1.23,0.0,0.1,0.0,0.0,0.0,-0.005972360490021229,-0.14864060712888388,-0.08410576066785694
1770369049.3711922,1.2,0.0,0.03,1.23,0.0,0.1,0.0,0.0,0.0,-0.006450377758386125,-0.11822903908132495,-0.06860605410380449
1770369049.789359,1.2,0.0,0.03,1.23,0.0,0.1,0.0,0.0,0.0,-0.004208319366602242,-0.09096943396222108,-0.052418996859623174
1770369050.227158,1.2,0.0,0.03,1.23,0.0,0.1,0.0,0.0,0.0,-0.003078585861678782,-0.07240325745576472,-0.04113683224020678
1770369050.6473682,1.2,0.0,0.03,1.23,0.0,0.1,0.0,0.0,0.0,-0.0021756016642250375,-0.05572982499203867,-0.03170785740661698
1770369051.0686154,1.2,0.0,0.03,1.23,0.0,0.1,0.0,0.0,0.0,-0.0015901930922718505,-0.04435935912730045,-0.024906919242395898
1770369051.4925272,1.2,0.0,0.03,1.23,0.0,0.1,0.0,0.0,0.0,-0.0014307181429072,-0.03416569393038679,-0.019532931627791964
1770369051.9000566,1.2,0.0,0.03,1.23,0.0,0.1,0.0,0.0,0.0,-0.0010507963528733704,-0.02729543133409654,-0.015385538279550666
1770369052.336477,1.2,0.0,0.03,1.23,0.0,0.1,0.0,0.0,0.0,-0.0007474619951838402,-0.02109866587244591,-0.011916471477571857
1770369052.7487018,1.2,0.0,0.03,1.23,0.0,0.1,0.0,0.0,0.0,-0.0005797221775005604,-0.01683878847339271,-0.009425104154102236
1770369053.17261,1.2,0.0,0.03,1.23,0.0,0.1,0.0,0.0,0.0,-0.00044969768836344685,-0.01349060950157376,-0.007529820336332222
1770369053.5828288,1.2,0.0,0.03,1.23,0.0,0.1,0.0,0.0,0.0,-0.0003796676259310654,-0.010401524008387892,-0.005889338179443598
1770369053.993861,1.2,0.0,0.03,1.23,0.0,0.1,0.0,0.0,0.0,-0.0002932332769737782,-0.008227475260605662,-0.004624375782054832
1770369054.4122987,1.2,0.0,0.03,1.23,0.0,0.1,0.0,0.0,0.0,-0.0002284567369010837,-0.006581196274660447,-0.0036836827728258287
1770369054.8252544,1.2,0.0,0.03,1.23,0.0,0.1,0.0,0.0,0.0,-0.00014942969222910295,-0.005230712109394159,-0.002899834163452811
1770369055.2368367,1.2,0.0,0.03,1.23,0.0,0.1,0.0,0.0,0.0,-0.00011870173084177702,-0.00399863082516275,-0.0022412252718462928
1770369055.6570983,1.2,0.0,0.03,1.23,0.0,0.1,0.0,0.0,0.0,-8.658292493430007e-05,-0.0031454293380416675,-0.0017446177426672421
1770369056.0766873,1.2,0.0,0.03,1.23,0.0,0.1,0.0,0.0,0.0,-6.734832948892125e-05,-0.0025187193941674174,-0.001389379020960055
1770369056.4986916,1.2,0.0,0.03,1.23,0.0,0.1,0.0,0.0,0.0,-6.046793650273177e-05,-0.001880732365663996,-0.0010646328221850718
1770369056.912922,1.2,0.0,0.03,1.23,0.0,0.1,0.0,0.0,0.0,-4.693826159403175e-05,-0.001482373587056219,-0.0008279609329829189
1770369057.3303268,1.2,0.0,0.03,1.23,0.0,0.1,0.0,0.0,0.0,-2.9663903998620204e-05,-0.0012888416355206146,-0.000693437916912488
1770369057.7419176,1.2,0.0,0.03,1.23,0.0,0.1,0.0,0.0,0.0,-2.4407323677199394e-05,-0.0009020908719333749,-0.0005141278360026109
1770369058.1531684,1.2,0.0,0.03,1.23,0.0,0.1,0.0,0.0,0.0,-1.890486334220546e-05,-0.0008069224273407316,-0.00043188292147183554
1770369058.5684183,1.2,0.0,0.03,1.23,0.0,0.1,0.0,0.0,0.0,-1.4691081735162845e-05,-0.0007002675745066809,-0.0003754903542719084
1770369058.9794948,1.2,0.0,0.03,1.23,0.0,0.1,0.0,0.0,0.0,-1.2459509208461288e-05,-0.0005656569410295984,-0.00030874904307096876
1770369059.3999088,1.2,0.0,0.03,1.23,0.0,0.1,0.0,0.0,0.0,-9.680700107613957e-06,-0.0005590139776770244,-0.00028985198528138354
1770369059.8253558,1.2,0.0,0.03,1.23,0.0,0.1,0.0,0.0,0.0,-7.122744182201419e-06,-0.0004362602418132075,-0.00023752823867518685
1770369060.235317,1.2,0.0,0.03,1.23,0.0,0.1,0.0,0.0,0.0,-4.773076516453232e-06,-0.00027329758208590577,-0.0001577181335321363
1770369060.6440642,1.2,0.0,0.03,1.23,0.0,0.1,0.0,0.0,0.0,-3.68149439772372e-06,-0.0002351903655327526,-0.00012508739881941534
1770369061.0613763,1.2,0.0,0.03,1.23,0.0,0.1,0.0,0.0,0.0,-3.0513885755755295e-06,-0.00020190378123550272,-0.00010733193762305188
1770369061.4797876,1.2,0.0,0.03,1.23,0.0,0.1,0.0,0.0,0.0,-2.575776022271629e-06,-3.9814650847816094e-05,-3.869201448494834e-05
1770369061.8892062,1.2,0.0,0.03,1.23,0.0,0.1,0.0,0.0,0.0,-1.9909875945823997e-06,-0.00018287511536509957,-0.00010773459172886053
1770369062.3072405,1.2,0.0,0.03,1.23,0.0,0.1,0.0,0.0,0.0,-1.5497481504873043e-06,-0.00013910805230729978,-7.548048060991717e-05
1770369062.7186313,1.2,0.0,0.03,1.23,0.0,0.1,0.0,0.0,0.0,-1.2050127038428612e-06,-0.00014222407014481177,-7.262864955999994e-05
1770369063.1319072,1.2,0.0,0.03,1.23,0.0,0.1,0.0,0.0,0.0,-7.580191502808896e-07,-0.00012164980232063213,-6.364034709301493e-05
1770369063.561184,1.2,0.0,0.03,1.23,0.0,0.1,0.0,0.0,0.0,-5.909525286981424e-07,-0.00014998355993178997,-7.841610825570891e-05
1770369063.9869761,1.2,0.0,0.03,1.23,0.0,0.1,0.0,0.0,0.0,-5.001117490922395e-07,-0.00023189812303402667,-0.00012464062957632925
1770369064.4005787,1.2,0.0,0.03,1.23,0.0,0.1,0.0,0.0,0.0,-4.098722748971695e-07,-0.00021065843074657503,-0.00010786305687692985
1770369064.811172,1.2,0.0,0.03,1.23,0.0,0.1,0.0,0.0,0.0,-3.0167304271998404e-07,-0.00023289850575372473,-0.00011897493342029732
1770369065.2216935,1.2,0.0,0.03,1.23,0.0,0.1,0.0,0.0,0.0,-2.3433374986418844e-07,-9.428531885962322e-05,-6.123831186908595e-05
1770369065.6429486,1.2,0.0,0.03,1.23,0.0,0.1,0.0,0.0,0.0,-1.5627121546751525e-07,-0.00015695869780026986,-8.490295800966711e-05
1770369066.0573754,1.2,0.0,0.03,1.23,0.0,0.1,0.0,0.0,0.0,-1.2116586067884263e-07,-6.061237153425469e-05,-4.006198425440771e-05
1770369066.4799876,1.2,0.0,0.03,1.23,0.0,0.1,0.0,0.0,0.0,-1.0282648643579505e-07,-2.2071542702169275e-05,-1.4992680720728974e-05
1770369066.8932133,1.2,0.0,0.03,1.23,0.0,0.1,0.0,0.0,0.0,-7.996932285378365e-08,3.0344334115390234e-05,-2.0493724062304852e-05
1770369067.310949,1.2,0.0,0.03,1.23,0.0,0.1,0.0,0.0,0.0,-5.8718150314464904e-08,2.6377143496254026e-06,-4.148237301703649e-06
1770369067.7187297,1.2,0.0,0.03,1.23,0.0,0.1,0.0,0.0,0.0,-4.815786632489689e-08,-6.689167858745585e-05,-4.044693645376094e-05
1770369068.129354,1.2,0.0,0.03,1.23,0.0,0.1,0.0,0.0,0.0,-3.210669729464428e-08,-0.0001671201111710276,-9.361500554116562e-05
1770369068.5403986,1.2,0.0,0.03,1.23,0.0,0.1,0.0,0.0,0.0,-2.4779445072812298e-08,-0.00022672184717015387,-0.00011934587663006237
1770369068.951294,1.2,0.0,0.03,1.23,0.0,0.1,0.0,0.0,0.0,-1.9354880024105676e-08,-0.0001938733764986141,-0.00010024089019648513
1770369069.376586,1.2,0.0,0.03,1.23,0.0,0.1,0.0,0.0,0.0,-1.4600253184946459e-08,-0.00021684997787589115,-0.00011073724932885823
1770369069.789848,1.2,0.0,0.03,1.23,0.0,0.1,0.0,0.0,0.0,-1.2741684567616605e-08,-9.878740529225278e-05,-6.121270158905784e-05
1770369070.2035239,1.2,0.0,0.03,1.23,0.0,0.1,0.0,0.0,0.0,-9.894182035450356e-09,-0.00023604956389150253,-0.0001317608919877117
1770369070.6156034,1.2,0.0,0.03,1.23,0.0,0.1,0.0,0.0,0.0,-7.68490477112357e-09,-0.00021437461260190118,-0.00010936248633468185
1770369071.0247,1.2,0.0,0.03,1.23,0.0,0.1,0.0,0.0,0.0,-5.9622139723926554e-09,-0.0002023487883826268,-0.00010238293882721323
1770369071.439625,1.2,0.0,0.03,1.23,0.0,0.1,0.0,0.0,0.0,-3.96781463687528e-09,-0.00010422287272136798,-6.192799574144675e-05
1770369071.8495076,1.2,0.0,0.03,1.23,0.0,0.1,0.0,0.0,0.0,-3.0754831570879688e-09,-0.00017102077898419526,-9.219325560153744e-05
1770369072.2604716,1.2,0.0,0.03,1.23,0.0,0.1,0.0,0.0,0.0,-2.3903433485478113e-09,-7.817952694312715e-05,-4.8376279019018934e-05
1770369072.6708138,1.2,0.0,0.03,1.23,0.0,0.1,0.0,0.0,0.0,-1.873891700608374e-09,-4.404176992923304e-05,-2.5436534557706543e-05
1770369073.0872872,1.2,0.0,0.03,1.23,0.0,0.1,0.0,0.0,0.0,-1.602755016563638e-09,-0.00012771767767899916,-7.222803236949276e-05
1770369073.4992025,1.2,0.0,0.03,1.23,0.0,0.1,0.0,0.0,0.0,-1.2477093457036918e-09,-8.0465198030268e-05,-4.495909468935282e-05
1770369073.9203985,1.2,0.0,0.03,1.23,0.0,0.1,0.0,0.0,0.0,-9.67518347505536e-10,-0.00010820651454741889,-5.6878356443772034e-05
1770369074.3405795,1.2,0.0,0.03,1.23,0.0,0.1,0.0,0.0,0.0,-6.476781520513599e-10,-0.00021851996168781198,-0.00012029197323609735
1770369074.7514288,1.2,0.0,0.03,1.23,0.0,0.1,0.0,0.0,0.0,-5.025051041204662e-10,-0.00024850102009470757,-0.00012724911839314746
1770369075.1666658,1.2,0.0,0.03,1.23,0.0,0.1,0.0,0.0,0.0,-3.906390938262707e-10,-0.0001100672413378099,-6.887738918368854e-05
1770369075.5805552,1.2,0.0,0.03,1.23,0.0,0.1,0.0,0.0,0.0,-3.299159319837752e-10,-0.0001347660412952278,-6.985323055928768e-05
1770369075.9927855,1.2,0.0,0.03,1.23,0.0,0.1,0.0,0.0,0.0,-2.5667422587130765e-10,-0.0003208381024964332,-0.000179026514042563
1770369076.4104376,1.2,0.0,0.03,1.23,0.0,0.1,0.0,0.0,0.0,-1.8868434699001737e-10,-0.0003427309052789604,-0.0001735549216020799
1770369076.8262312,1.2,0.0,0.03,1.23,0.0,0.1,0.0,0.0,0.0,-1.3347409235075192e-10,-0.0002471970297182053,-0.00013315203588927052
1770369077.2560449,1.2,0.0,0.03,1.23,0.0,0.1,0.0,0.0,0.0,-1.0250990937506466e-10,-0.00018835817682659182,-0.00010006307621236664
1770369077.6698005,1.2,0.0,0.03,1.23,0.0,0.1,0.0,0.0,0.0,-8.043575596893694e-11,-0.00025886899735062157,-0.00013648566116346972
1770369078.096659,1.2,0.0,0.03,1.23,0.0,0.1,0.0,0.0,0.0,-6.80337778672948e-11,-0.00020192976007966845,-0.00010665887180070741
1770369078.5189102,1.2,0.0,0.03,1.23,0.0,0.1,0.0,0.0,0.0,-5.2811521950294565e-11,-0.0004113900789908048,-0.000226641124198038
1770369078.947057,1.2,0.0,0.03,1.23,0.0,0.1,0.0,0.0,0.0,-3.519705928996758e-11,-0.0003542616568251041,-0.0001828437058261814
1770369079.3772323,1.2,0.0,0.03,1.23,0.0,0.1,0.0,0.0,0.0,-2.741288359150057e-11,-0.0003889841747839824,-0.00019796436660076262
1770369079.7911074,1.2,0.0,0.03,1.23,0.0,0.1,0.0,0.0,0.0,-2.306657714813311e-11,-0.00027826873446625954,-0.00015020593433147923
1770369080.2131276,1.2,0.0,0.03,1.23,0.0,0.1,0.0,0.0,0.0,-1.6457910056379974e-11,-0.0003421803986297997,-0.00017748138218916395
1770369080.6603847,1.2,0.0,0.03,1.23,0.0,0.1,0.0,0.0,0.0,-1.1944457935549413e-11,-0.0003026532186499845,-0.0001552793392674317
1770369081.0785377,1.2,0.0,0.03,1.23,0.0,0.1,0.0,0.0,0.0,-1.0125173479580403e-11,-0.00024560893946242514,-0.000128508907775142
1770369081.4884195,1.2,0.0,0.03,1.23,0.0,0.1,0.0,0.0,0.0,-7.845831390671038e-12,-0.0002693040272469808,-0.00013702153024777736
1770369081.929896,1.2,0.0,0.03,1.23,0.0,0.1,0.0,0.0,0.0,-5.247732464861507e-12,-0.00021224007305539747,-0.00011182643719458953
1770369082.3442738,1.2,0.0,0.03,1.23,0.0,0.1,0.0,0.0,0.0,-4.057120404181566e-12,-0.00020658554274319564,-0.00010385822845993841
1770369082.7635195,1.2,0.0,0.03,1.23,0.0,0.1,0.0,0.0,0.0,-3.153001094460488e-12,-0.00018783694975356644,-9.579333732874723e-05
1770369083.168864,1.2,0.0,0.03,1.23,0.0,0.1,0.0,0.0,0.0,-2.4501627745884604e-12,-0.00023601804156406933,-0.00012282713241324773
1770369083.604113,1.2,0.0,0.03,1.23,0.0,0.1,0.0,0.0,0.0,-2.065878672846634e-12,-0.0003314025379697509,-0.00017523972069132226
1770369084.0178058,1.2,0.0,0.03,1.23,0.0,0.1,0.0,0.0,0.0,-1.6047136979391704e-12,-0.0002658885936694379,-0.00013949569286946396
1770369084.449164,1.2,0.0,0.03,1.23,0.0,0.1,0.0,0.0,0.0,-1.0734364106198272e-12,-0.0002327986158040476,-0.00011970830676199925
1770369084.870952,1.2,0.0,0.03,1.23,0.0,0.1,0.0,0.0,0.0,-8.320859834809708e-13,-0.00037091361642143126,-0.00019926830910453998
1770369085.285079,1.2,0.0,0.03,1.23,0.0,0.1,0.0,0.0,0.0,-6.99516986481156e-13,-0.0003895336735570669,-0.000196628843191614
1770369085.700041,1.2,0.0,0.03,1.23,0.0,0.1,0.0,0.0,0.0,-5.35460472375363e-13,-0.00020990173774977283,-0.00012291406299107629
1770369086.1342144,1.2,0.0,0.03,1.23,0.0,0.1,0.0,0.0,0.0,-3.4823976460484776e-13,-0.00013158764995483253,-7.362523410515006e-05
1770369086.5469186,1.2,0.0,0.03,1.23,0.0,0.1,0.0,0.0,0.0,-2.830717052615839e-13,-0.00013621367520705988,-6.856944041182437e-05
1770369086.956683,1.2,0.0,0.03,1.23,0.0,0.1,0.0,0.0,0.0,-2.1648467087748947e-13,-0.00014139700095100216,-7.121683326637997e-05
1770369087.3765206,1.2,0.0,0.03,1.23,0.0,0.1,0.0,0.0,0.0,-1.859973421797309e-13,-2.8403873780765332e-05,-2.5501249793403693e-05
1770369087.7985284,1.2,0.0,0.03,1.23,0.0,0.1,0.0,0.0,0.0,-1.283011262662053e-13,-8.241084393258676e-05,-4.660611910977664e-05
1770369088.2154508,1.2,0.0,0.03,1.23,0.0,0.1,0.0,0.0,0.0,-1.1192036710514175e-13,-8.995446185310836e-05,-4.573159283052671e-05
1770369088.626779,1.2,0.0,0.03,1.23,0.0,0.1,0.0,0.0,0.0,-7.480993351099918e-14,1.2443363456431036e-05,-1.6461464333979392e-05
1770369089.0341876,1.2,0.0,0.03,1.23,0.0,0.1,0.0,0.0,0.0,-5.837968859691042e-14,-0.00020604121538668756,-0.00012486906563603534
1770369089.4447408,1.2,0.0,0.03,1.23,0.0,0.1,0.0,0.0,0.0,-4.5431152355644235e-14,-0.0002270586790377611,-0.00011563108592941906
1770369089.8537385,1.2,0.0,0.03,1.23,0.0,0.1,0.0,0.0,0.0,-3.5255554926423465e-14,-0.00020884656350149297,-0.00010624449333962885
1770369090.2737806,1.2,0.0,0.03,1.23,0.0,0.1,0.0,0.0,0.0,-2.649945979461952e-14,-0.00022084168567538563,-0.00011162035508158155
1770369090.6829147,1.2,0.0,0.03,1.23,0.0,0.1,0.0,0.0,0.0,-2.3153376401487134e-14,-0.0002708964533574598,-0.0001404537034700907
1770369091.0926793,1.2,0.0,0.03,1.23,0.0,0.1,0.0,0.0,0.0,-1.7974672984462746e-14,-0.0002892409869936812,-0.00014645494687843738
1770369091.503234,1.2,0.0,0.03,1.23,0.0,0.1,0.0,0.0,0.0,-1.3206878327311546e-14,-0.0001240920034241654,-7.856090008224117e-05
1770369091.915486,1.2,0.0,0.03,1.23,0.0,0.1,0.0,0.0,0.0,-9.67632242056204e-15,-0.0001430438226802123,-7.341709327538716e-05
1770369092.3329163,1.2,0.0,0.03,1.23,0.0,0.1,0.0,0.0,0.0,-6.855936939866662e-15,-0.00010320505128437005,-5.5586402788625186e-05
1770369092.7430425,1.2,0.0,0.03,1.23,0.0,0.1,0.0,0.0,0.0,-5.6364163368628186e-15,-3.3936055219854536e-05,-2.3894927222015234e-05
1770369093.1606164,1.2,0.0,0.03,1.23,0.0,0.1,0.0,0.0,0.0,-4.30433691976121e-15,2.0343090361340323e-05,-1.5599459743093985e-05
1770369093.5814679,1.2,0.0,0.03,1.23,0.0,0.1,0.0,0.0,0.0,-3.690879148124817e-15,-4.7117445739961234e-05,-3.030477648380165e-05
1770369094.0057049,1.2,0.0,0.03,1.23,0.0,0.1,0.0,0.0,0.0,-2.874021080682113e-15,-6.356242854605057e-05,-3.342571255650824e-05
1770369094.4182312,1.2,0.0,0.03,1.23,0.0,0.1,0.0,0.0,0.0,-2.2339034963947377e-15,-0.00010158421968518962,-5.4594288958742614e-05
1770369094.8398106,1.2,0.0,0.03,1.23,0.0,0.1,0.0,0.0,0.0,-1.4902961556841636e-15,-0.0001779699058705729,-9.662352155531508e-05
1770369095.2475371,1.2,0.0,0.03,1.23,0.0,0.1,0.0,0.0,0.0,3.4933748664459636e-05,-0.0002885780958836735,-0.00019028361560760644
1770369095.6599889,1.2,0.0,0.03,1.23,0.0,0.1,0.0,0.0,0.0,-1.4407321134304017e-06,-0.00026513192577600663,-0.00013635131201220041
1770369096.071433,1.2,0.0,0.03,1.23,0.0,0.1,0.0,0.0,0.0,-1.4572949743277306e-06,-0.0002956529762621528,-0.00015233588815401875
1770369096.4831407,1.2,0.0,0.03,1.23,0.0,0.1,0.0,0.0,0.0,-1.239619072403008e-06,-0.00021317771106767002,-0.0001160760011256863
1770369096.8931556,1.2,0.0,0.03,1.23,0.0,0.1,0.0,0.0,0.0,-9.624510916137203e-07,-0.00011114821532941952,-6.673950833014852e-05
1770369097.3098369,1.2,0.0,0.03,1.23,0.0,0.1,0.0,0.0,0.0,-7.469962097227817e-07,-0.0001013467892567066,-5.240053344534738e-05
1770369097.7277873,1.2,0.0,0.03,1.23,0.0,0.1,0.0,0.0,0.0,-4.947355528523101e-07,1.6213711949008572e-05,-2.0357641647928117e-05
1770369098.1406915,1.2,0.0,0.03,1.23,0.0,0.1,0.0,0.0,0.0,-3.8430945429923536e-07,1.516016929672357e-05,-8.069748367889522e-06
1770369098.5646644,1.2,0.0,0.03,1.23,0.0,0.1,0.0,0.0,0.0,-3.01782146283845e-07,5.93526293271419e-05,-3.439734281289663e-05
1770369098.9807825,1.2,0.0,0.03,1.23,0.0,0.1,0.0,0.0,0.0,-2.416888412258341e-07,-3.4642220637714795e-05,-2.69622841565689e-05
1770369099.3912683,1.2,0.0,0.03,1.23,0.0,0.1,0.0,0.0,0.0,-1.9761430014965917e-07,-0.00011451160572101127,-6.544035566898494e-05
1770369099.8076992,1.2,0.0,0.03,1.23,0.0,0.1,0.0,0.0,0.0,-1.5356370352175916e-07,-0.00010379457917083757,-5.312255594395791e-05
1770369100.222573,1.2,0.0,0.03,1.23,0.0,0.1,0.0,0.0,0.0,-1.130166512324093e-07,-0.0001211571980928807,-6.242787758987707e-05
1770369100.6337457,1.2,0.0,0.03,1.23,0.0,0.1,0.0,0.0,0.0,-7.992562354815267e-08,-0.00028329286590880965,-0.00015793992535954589
1770369101.050448,1.2,0.0,0.03,1.23,0.0,0.1,0.0,0.0,0.0,-6.197437998622363e-08,-0.00015391334605625482,-8.995659939336912e-05
1770369101.4695406,1.2,0.0,0.03,1.23,0.0,0.1,0.0,0.0,0.0,-4.8162072018875455e-08,-5.3997242381668784e-05,-3.703839363031187e-05
1770369101.8861015,1.2,0.0,0.03,1.23,0.0,0.1,0.0,0.0,0.0,-4.0716514270957545e-08,-9.531494224672016e-05,-5.182995762413617e-05
1770369102.3001387,1.2,0.0,0.03,1.23,0.0,0.1,0.0,0.0,0.0,-3.1600620809326036e-08,-7.930156604181751e-05,-4.128372126220835e-05
1770369102.7163413,1.2,0.0,0.03,1.23,0.0,0.1,0.0,0.0,0.0,-2.3261429885278957e-08,2.3534444427497096e-06,-9.365484699716857e-06
1770369103.1345422,1.2,0.0,0.03,1.23,0.0,0.1,0.0,0.0,0.0,-1.9009537435501163e-08,-7.238846803452656e-06,-4.597662063782066e-06
1770369103.546384,1.2,0.0,0.03,1.23,0.0,0.1,0.0,0.0,0.0,-1.1990953106988574e-08,-3.6268042038022904e-06,-2.1865973149731703e-06
1770369103.9623618,1.2,0.0,0.03,1.23,0.0,0.1,0.0,0.0,0.0,-9.275515318305346e-09,8.520474629585939e-05,-5.1494803713214164e-05
1770369104.3723989,1.2,0.0,0.03,1.23,0.0,0.1,0.0,0.0,0.0,-7.69058971290799e-09,1.4284363094760554e-05,-1.424191045720307e-05
1770369104.7855234,1.2,0.0,0.03,1.23,0.0,0.1,0.0,0.0,0.0,-6.178409493530399e-09,-6.359471354106482e-05,-3.959144284360848e-05
1770369105.1984687,1.2,0.0,0.03,1.23,0.0,0.1,0.0,0.0,0.0,-4.807176701465263e-09,-2.756842635507412e-05,-1.7391649072837595e-05
1770369105.620719,1.2,0.0,0.03,1.23,0.0,0.1,0.0,0.0,0.0,-3.734468159356375e-09,-0.00012055901954950695,-6.958230356235612e-05
1770369106.0424988,1.2,0.0,0.03,1.23,0.0,0.1,0.0,0.0,0.0,-2.630075253112496e-09,-0.0001945566821363431,-0.00010468073740210827
1770369106.453217,1.2,0.0,0.03,1.23,0.0,0.1,0.0,0.0,0.0,-2.0430280691338964e-09,-0.0002050319282026866,-0.0001035655317360468
1770369106.8666286,1.2,0.0,0.03,1.23,0.0,0.1,0.0,0.0,0.0,-1.4830692774564974e-09,-0.00020888535631648791,-0.00010482950403890154
1770369107.2857842,1.2,0.0,0.03,1.23,0.0,0.1,0.0,0.0,0.0,-1.1995057815762824e-09,-0.00027659806026323274,-0.00014507150003207242
1770369107.6971042,1.2,0.0,0.03,1.23,0.0,0.1,0.0,0.0,0.0,-1.037636174293733e-09,-0.00019090817301132477,-0.00010402411286702747
1770369108.117106,1.2,0.0,0.03,1.23,0.0,0.1,0.0,0.0,0.0,-8.059774994942194e-10,-0.00010337787681035483,-6.04427740027739e-05
1770369108.541028,1.2,0.0,0.03,1.23,0.0,0.1,0.0,0.0,0.0,-5.049401065009925e-10,-5.454508399990525e-05,-3.215632622110409e-05
1770369108.952669,1.2,0.0,0.03,1.23,0.0,0.1,0.0,0.0,0.0,-4.188459133175221e-10,-6.0887896854078004e-05,-3.1078648558369596e-05
1770369109.3648615,1.2,0.0,0.03,1.23,0.0,0.1,0.0,0.0,0.0,-3.2453376960708854e-10,-0.00011527877902627422,-6.307880226412634e-05
1770369109.7765105,1.2,0.0,0.03,1.23,0.0,0.1,0.0,0.0,0.0,-2.735320401147951e-10,-0.0001114034823569,-5.608954437742754e-05
1770369110.1888084,1.2,0.0,0.03,1.23,0.0,0.1,0.0,0.0,0.0,-2.1269761006270435e-10,-0.00016768841738411833,-8.947291489239107e-05
1770369110.6006162,1.2,0.0,0.03,1.23,0.0,0.1,0.0,0.0,0.0,-1.5632595955146892e-10,-0.00018799119292253934,-9.602603034107132e-05
