t,kp_lin,ki_lin,kd_lin,kp_ang,ki_ang,kd_ang,v_ref,w_ref,v_meas,w_meas,reward
1769651417.99128,0.9989944523200393,0.0,0.09786360055208207,1.0120931543409823,6.533804349601269e-05,0.09914502061903477,0.0,0.0,0.0,0.0,-0.0
1769651418.1036181,0.9979889046400785,0.0,0.09572720110416413,1.0241863086819647,0.00013067608699202538,0.09829004123806953,0.0,0.0,1.0109660217359548e-26,-1.3331545476670246e-17,-7.998927296111808e-18
1769651418.2150784,0.9969833569601178,0.0,0.0935908016562462,1.036279463022947,0.00019601413048803807,0.0974350618571043,0.0,0.0,9.210051593805257e-27,-1.3282600598279903e-17,-6.646194796189037e-18
1769651418.324785,0.995977809280157,0.0,0.09145440220832826,1.0483726173639294,0.00026135217398405076,0.09658008247613906,0.0,0.0,8.71939814230803e-27,-1.3260625358020924e-17,-6.632510211755758e-18
1769651418.4333577,0.9949722616001963,0.0,0.08931800276041033,1.0604657717049117,0.00032669021748006345,0.09572510309517382,0.0,0.0,6.614299836082306e-27,-1.331515565186388e-17,-6.6630308619305354e-18
1769651418.5405145,0.9939667139202355,0.0,0.08718160331249239,1.072558926045894,0.00039202826097607614,0.09487012371420858,0.0,0.0,6.216561497209679e-27,-1.3324923522686896e-17,-6.663438554642311e-18
1769651418.6466882,0.9929611662402748,0.0,0.08504520386457445,1.0846520803868764,0.00045736630447208883,0.09401514433324334,0.0,0.0,5.842573594555375e-27,-1.3328362280476533e-17,-6.664525021859804e-18
1769651418.7567759,0.991955618560314,0.0,0.08290880441665652,1.0967452347278588,0.0005227043479681015,0.09316016495227811,0.0,0.0,5.483666272476948e-27,-1.3330683449206506e-17,-6.6655738469599164e-18
1769651418.8669055,0.9909500708803533,0.0,0.08077240496873858,1.1088383890688411,0.0005880423914641142,0.09230518557131287,0.0,0.0,3.981636935548171e-27,-1.3332178277064099e-17,-6.666238625299446e-18
1769651418.9763336,0.9899445232003925,0.0,0.07863600552082065,1.1209315434098235,0.0006533804349601268,0.09145020619034763,0.0,0.0,3.738835375446561e-27,-1.3330684265835017e-17,-6.665491537779252e-18
1769651419.0868692,0.9889389755204318,0.0,0.07649960607290271,1.1330246977508058,0.0007187184784561394,0.0905952268093824,0.0,0.0,3.510873186571672e-27,-1.3331208856367789e-17,-6.665656890748045e-18
1769651419.195131,0.987933427840471,0.0,0.07436320662498477,1.1451178520917882,0.0007840565219521521,0.08974024742841716,0.0,0.0,4.937238083591812e-27,-1.331202746075314e-17,-6.6579318748752724e-18
1769651419.3047569,0.9869278801605103,0.0,0.07222680717706684,1.1572110064327705,0.0008493945654481647,0.08888526804745192,0.0,0.0,4.6599827676552035e-27,-1.3323125217964325e-17,-6.662672389363263e-18
1769651419.4144044,0.9859223324805495,0.0,0.0700904077291489,1.1693041607737529,0.0009147326089441773,0.08803028866648668,0.0,0.0,4.363533322968026e-27,-1.3312633453603389e-17,-6.657365907601321e-18
1769651419.526361,0.9849167848005888,0.0,0.06795400828123097,1.1813973151147352,0.00098007065244019,0.08717530928552145,0.0,0.0,3.946309216851956e-27,-1.3224949412235044e-17,-6.621243114200665e-18
1769651419.6417568,0.983911237120628,0.0,0.06581760883331303,1.1934904694557176,0.0010454086959362026,0.08632032990455621,0.0,0.0,3.0911554235235967e-27,-1.3178796848027474e-17,-6.594013683525649e-18
1769651419.7506475,0.9829056894406673,0.0,0.0636812093853951,1.2055836237967,0.0011107467394322152,0.08546535052359097,0.0,0.0,2.915844207458324e-27,-1.3243281275560622e-17,-6.628089083449469e-18
1769651419.859259,0.9819001417607065,0.0,0.06154480993747716,1.2176767781376823,0.0011760847829282279,0.08461037114262573,0.0,0.0,2.7195302400203924e-27,-1.3294054643442473e-17,-6.652104661228951e-18
1769651419.9659548,0.9808945940807458,0.0,0.05940841048955922,1.2297699324786646,0.0012414228264242405,0.0837553917616605,0.0,0.0,1.9923021676592803e-27,-1.3318712047587695e-17,-6.661821766200672e-18
1769651420.0733202,0.979889046400785,0.0,0.057272011041641285,1.241863086819647,0.0013067608699202531,0.08290041238069526,0.0,0.0,1.8704853276954627e-27,-1.3321589506785148e-17,-6.6610825011828045e-18
1769651420.1847718,0.9788834987208243,0.0,0.05513561159372335,1.2539562411606293,0.0013720989134162658,0.08204543299973002,0.0,0.0,1.747875707427299e-27,-1.332197880481349e-17,-6.6610283339574546e-18
1769651420.2956493,0.9778779510408635,0.0,0.05299921214580541,1.2660493955016117,0.0014374369569122784,0.08119045361876479,0.0,0.0,2.467775513897859e-27,-1.3293571457500759e-17,-6.649626465949428e-18
1769651420.4036288,0.9768724033609028,0.0,0.05086281269788748,1.278142549842594,0.001502775000408291,0.08033547423779955,0.0,0.0,2.3189802391142717e-27,-1.3312618051345927e-17,-6.65821368737646e-18
1769651420.5147848,0.975866855680942,0.0,0.04872641324996954,1.2902357041835764,0.0015681130439043037,0.07948049485683431,0.0,0.0,2.1760266790225397e-27,-1.3220282350800597e-17,-6.619374747630858e-18
1769651420.6306798,0.9748613080009813,0.0,0.046590013802051605,1.3023288585245587,0.0016334510874003163,0.07862551547586907,0.0,0.0,1.6476494151979493e-27,-1.3280471371981864e-17,-6.6462545897567075e-18
1769651420.7390523,0.9738557603210205,0.0,0.04445361435413367,1.314422012865541,0.001698789130896329,0.07777053609490384,0.0,0.0,1.5506526183361748e-27,-1.3311522667170526e-17,-6.6588664646547815e-18
1769651420.8559282,0.9728502126410598,0.0,0.04231721490621573,1.3265151672065234,0.0017641271743923416,0.0769155567139386,0.0,0.0,1.4542996342766292e-27,-1.330555901123236e-17,-6.6533758726642965e-18
1769651420.964549,0.971844664961099,0.0,0.0401808154582978,1.3386083215475058,0.0018294652178883542,0.07606057733297336,0.0,0.0,1.0559298847245099e-27,-1.3303998505065228e-17,-6.6521553042052565e-18
1769651421.0739725,0.9708391172811383,0.0,0.03804441601037986,1.350701475888488,0.0018948032613843669,0.07520559795200812,0.0,0.0,9.929260783122549e-28,-1.3289987979574082e-17,-6.6463950433290816e-18
1769651421.1828694,0.9698335696011775,0.0,0.035908016562461925,1.3627946302294704,0.0019601413048803795,0.07435061857104289,0.0,0.0,9.293370329395598e-28,-1.3313467066338586e-17,-6.65908144277508e-18
1769651421.2926817,0.9688280219212168,0.0,0.03377161711454399,1.3748877845704528,0.002025479348376392,0.07349563919007765,0.0,0.0,8.745707471762134e-28,-1.3325888389937484e-17,-6.6641863282032025e-18
1769651421.399937,0.967822474241256,0.0,0.03163521766662605,1.3869809389114351,0.0020908173918724048,0.07264065980911241,0.0,0.0,1.2304110271917536e-27,-1.3328289342058644e-17,-6.664384767471849e-18
1769651421.5083601,0.9668169265612953,0.0,0.029498818218708114,1.3990740932524175,0.0021561554353684174,0.07178568042814717,0.0,0.0,1.1537935250194585e-27,-1.3325297173681483e-17,-6.662947804832251e-18
1769651421.6184747,0.9658113788813345,0.0,0.027362418770790174,1.4111672475933998,0.00222149347886443,0.07093070104718194,0.0,0.0,1.0835736004634402e-27,-1.3327734425428393e-17,-6.664110938972461e-18
1769651421.7293699,0.9648058312013738,0.0,0.025226019322872235,1.4232604019343822,0.0022868315223604427,0.0700757216662167,0.0,0.0,8.222156822008203e-28,-1.3311178300831549e-17,-6.657244763697675e-18
1769651421.8363445,0.963800283521413,0.0,0.023089619874954295,1.4353535562753645,0.0023521695658564553,0.06922074228525146,0.0,0.0,7.710996898662272e-28,-1.3323131844549402e-17,-6.662761277417586e-18
1769651421.9463525,0.9627947358414523,0.0,0.020953220427036356,1.4474467106163469,0.002417507609352468,0.06836576290428623,0.0,0.0,7.248380774796168e-28,-1.33225641042736e-17,-6.661338826889219e-18
1769651422.0555556,0.9617891881614915,0.0,0.018816820979118416,1.4595398649573292,0.0024828456528484806,0.06751078352332099,0.0,0.0,6.804817336570172e-28,-1.3328467317649042e-17,-6.664823980842547e-18
1769651422.166334,0.9607836404815308,0.0,0.016680421531200477,1.4716330192983116,0.0025481836963444932,0.06665580414235575,0.0,0.0,4.868609090261088e-28,-1.3334751519544463e-17,-6.668004180448635e-18
1769651422.2737632,0.95977809280157,0.0,0.014544022083282539,1.483726173639294,0.002613521739840506,0.06580082476139051,0.0,0.0,4.628102873272299e-28,-1.3311397491497699e-17,-6.6580341490163364e-18
1769651422.381514,0.9587725451216093,0.0,0.012407622635364601,1.4958193279802763,0.0026788597833365185,0.06494584538042528,0.0,0.0,4.367803943715855e-28,-1.3319111371974084e-17,-6.660327074471461e-18
1769651422.4882138,0.9577669974416485,0.0,0.010271223187446664,1.5079124823212586,0.002744197826832531,0.06409086599946004,0.0,0.0,4.100485278317061e-28,-1.33223297174761e-17,-6.6614866936982995e-18
1769651422.5978026,0.9567614497616878,0.0,0.008134823739528726,1.520005636662241,0.0028095358703285438,0.0632358866184948,0.0,0.0,5.069376618601022e-28,-1.350258531212962e-17,-6.7693182160371e-18
1769651422.7052295,0.955755902081727,0.0,0.005998424291610788,1.5320987910032233,0.0028748739138245564,0.06238090723752957,0.0,0.0,5.411085831594718e-28,-1.3238826615057453e-17,-6.6457891777770516e-18
1769651422.8160455,0.9547503544017663,0.0,0.00386202484369285,1.5441919453442057,0.002940211957320569,0.06152592785656434,0.0,0.0,5.083436836989704e-28,-1.3279367899811886e-17,-6.64373807888973e-18
1769651422.927413,0.9537448067218055,0.0,0.0017256253957749117,1.556285099685188,0.0030055500008165817,0.06067094847559911,0.0,0.0,4.768667364197875e-28,-1.3305310480122911e-17,-6.655249498569425e-18
1769651423.0458152,0.9527392590418448,0.0,0.0,1.5683782540261704,0.0030708880443125943,0.05981596909463388,0.0,0.0,3.611083838203049e-28,-1.3242707820871356e-17,-6.627614176721941e-18
1769651423.1537843,0.951733711361884,0.0,0.0,1.5804714083671527,0.003136226087808607,0.05896098971366865,0.0,0.0,3.397705742952008e-28,-1.3286848626359578e-17,-6.647838394068381e-18
1769651423.2634819,0.9507281636819233,0.0,0.0,1.592564562708135,0.0032015641313046196,0.05810601033270342,0.0,0.0,2.4660342194547796e-28,-1.3299190411435759e-17,-6.650829384472101e-18
1769651423.3699825,0.9497226160019625,0.0,0.0,1.6046577170491174,0.003266902174800632,0.05725103095173819,0.0,0.0,2.312299235957009e-28,-1.3310102867594743e-17,-6.6561426796445e-18
1769651423.479067,0.9487170683220018,0.0,0.0,1.6167508713900998,0.003332240218296645,0.05639605157077296,0.0,0.0,2.1369727750391506e-28,-1.336166882329593e-17,-6.685991007431782e-18
1769651423.5918403,0.947711520642041,0.0,0.0,1.6288440257310821,0.0033975782617926575,0.05554107218980773,0.0,0.0,3.7376986432965553e-28,-1.3207881882190398e-17,-6.619319635579522e-18
1769651423.705256,0.9467059729620803,0.0,0.0,1.6409371800720645,0.00346291630528867,0.0546860928088425,0.0,0.0,2.8740380870909406e-28,-1.3194214872173642e-17,-6.5984741373759e-18
1769651423.8254614,0.9457004252821195,0.0,0.0,1.6530303344130468,0.0035282543487846828,0.05383111342787727,0.0,0.0,2.697712202647092e-28,-1.326667597801765e-17,-6.640584099862997e-18
1769651423.9426293,0.9446948776021588,0.0,0.0,1.6651234887540292,0.0035935923922806954,0.05297613404691204,0.0,0.0,2.334580571449128e-28,-1.3292933490702212e-17,-6.6490924968530206e-18
1769651424.0655427,0.943689329922198,0.0,0.0,1.6772166430950115,0.003658930435776708,0.05212115466594681,0.0,0.0,1.5052984003719916e-28,-1.3217691381923984e-17,-6.616369901990345e-18
1769651424.1757314,0.9426837822422373,0.0,0.0,1.6893097974359939,0.0037242684792727207,0.05126617528498158,0.0,0.0,1.4093955678064836e-28,-1.3275525233907823e-17,-6.643546002293235e-18
1769651424.3016205,0.9416782345622765,0.0,0.0,1.7014029517769762,0.0037896065227687333,0.05041119590401635,0.0,0.0,1.9651511608692261e-28,-1.3247843331186357e-17,-6.62668985606184e-18
1769651424.412639,0.9406726868823158,0.0,0.0,1.7134961061179586,0.003854944566264746,0.049556216523051116,0.0,0.0,1.8749975966536505e-28,-1.3285830646137095e-17,-6.646714054751121e-18
1769651424.528482,0.939667139202355,0.0,0.0,1.725589260458941,0.003920282609760759,0.048701237142085886,0.0,0.0,1.7581038749314513e-28,-1.324956570410034e-17,-6.628409346429656e-18
1769651424.6512403,0.9386615915223943,0.0,0.0,1.7376824147999232,0.003985620653256772,0.047846257761120656,0.0,0.0,1.3131495833210861e-28,-1.3300741566810964e-17,-6.65548836980786e-18
1769651424.7651181,0.9376560438424335,0.0,0.0,1.7497755691409056,0.004050958696752785,0.046991278380155425,0.0,0.0,9.57276180419414e-29,-1.3315556074847805e-17,-6.659259488323315e-18
1769651424.884033,0.9366504961624728,0.0,0.0,1.761868723481888,0.004116296740248798,0.046136298999190195,0.0,0.0,8.966984110022566e-29,-1.3324503643294634e-17,-6.6631465785816696e-18
1769651425.0062826,0.935644948482512,0.0,0.0,1.7739618778228703,0.004181634783744811,0.045281319618224965,0.0,0.0,1.262214709798893e-28,-1.3266573663595284e-17,-6.6390798298937985e-18
1769651425.1364512,0.9346394008025513,0.0,0.0,1.7860550321638526,0.004246972827240824,0.044426340237259734,0.0,0.0,9.912947670117609e-29,-1.3226100999466199e-17,-6.617097766245137e-18
1769651425.2687616,0.9336338531225905,0.0,0.0,1.798148186504835,0.004312310870736837,0.043571360856294504,0.0,0.0,6.862088639128312e-29,-1.3268453832284145e-17,-6.638462199492488e-18
1769651425.3949265,0.9326283054426298,0.0,0.0,1.8102413408458173,0.0043776489142328505,0.042716381475329274,0.0,0.0,9.794584689891153e-29,-1.3286801088831843e-17,-6.645235270168637e-18
1769651425.5086389,0.931622757762669,0.0,0.0,1.8223344951867997,0.0044429869577288636,0.04186140209436404,0.0,0.0,9.015079725762804e-29,-1.333017426377961e-17,-6.669424449474732e-18
1769651425.618868,0.9306172100827083,0.0,0.0,1.834427649527782,0.004508325001224877,0.04100642271339881,0.0,0.0,8.644464584627912e-29,-1.3283546177031905e-17,-6.646435897277168e-18
1769651425.7257016,0.9296116624027475,0.0,0.0,1.8465208038687644,0.00457366304472089,0.04015144333243358,0.0,0.0,8.107976187930499e-29,-1.3288464382077842e-17,-6.6447240116245946e-18
1769651425.8345313,0.9286061147227868,0.0,0.0,1.8586139582097467,0.004639001088216903,0.03929646395146835,0.0,0.0,5.942038661865778e-29,-1.3277470092845095e-17,-6.639834475405242e-18
1769651425.9528105,0.927600567042826,0.0,0.0,1.870707112550729,0.004704339131712916,0.03844148457050312,0.0,0.0,5.777014214855345e-29,-1.3253751364122787e-17,-6.629247554991394e-18
1769651426.067127,0.9265950193628653,0.0,0.0,1.8828002668917114,0.004769677175208929,0.03758650518953789,0.0,0.0,4.195410084090979e-29,-1.328926273294467e-17,-6.6481825033964775e-18
1769651426.179035,0.9255894716829045,0.0,0.0,1.8948934212326938,0.004835015218704942,0.03673152580857266,0.0,0.0,3.9329858587113835e-29,-1.330206902427909e-17,-6.652315141312317e-18
1769651426.2898178,0.9245839240029438,0.0,0.0,1.9069865755736761,0.004900353262200955,0.03587654642760743,0.0,0.0,3.699359628072234e-29,-1.3314393441845297e-17,-6.6584291627162624e-18
1769651426.4023204,0.923578376322983,0.0,0.0,1.9190797299146585,0.004965691305696968,0.0350215670466422,0.0,0.0,5.203813975942941e-29,-1.3314995754496754e-17,-6.65755810856556e-18
1769651426.5119755,0.9225728286430223,0.0,0.0,1.9311728842556408,0.005031029349192981,0.03416658766567697,0.0,0.0,4.8935401804833664e-29,-1.331488153108849e-17,-6.657452187934007e-18
1769651426.624978,0.9215672809630615,0.0,0.0,1.9432660385966232,0.005096367392688994,0.03331160828471174,0.0,0.0,4.5957588413238945e-29,-1.3303109330088031e-17,-6.652731885190019e-18
1769651426.740013,0.9205617332831008,0.0,0.0,1.9553591929376055,0.005161705436185007,0.03245662890374651,0.0,0.0,3.4728590765178607e-29,-1.3316128924490877e-17,-6.6593664217204514e-18
1769651426.851992,0.91955618560314,0.0,0.0,1.9674523472785879,0.00522704347968102,0.03160164952278128,0.0,0.0,3.2657468243142106e-29,-1.3319660939305677e-17,-6.6601836711669766e-18
1769651426.9635284,0.9185506379231793,0.0,0.0,1.9795455016195702,0.0052923815231770335,0.030746670141816045,0.0,0.0,2.3712120725416044e-29,-1.3317916078003849e-17,-6.6591325251558196e-18
1769651427.0717442,0.9175450902432185,0.0,0.0,1.9916386559605526,0.0053577195666730465,0.02989169076085081,0.0,0.0,2.23821621566435e-29,-1.3319895313508604e-17,-6.66014558032716e-18
1769651427.1827183,0.9165395425632578,0.0,0.0,2.003731810301535,0.00542305761016906,0.029036711379885578,0.0,0.0,2.089935884576105e-29,-1.3319634559130857e-17,-6.659843355024103e-18
1769651427.2932456,0.915533994883297,0.0,0.0,2.0158249646425173,0.005488395653665073,0.028181731998920344,0.0,0.0,1.9627203275349189e-29,-1.3313909797460745e-17,-6.6575273749170114e-18
1769651427.4015274,0.9145284472033363,0.0,0.0,2.0279181189834996,0.005553733697161086,0.02732675261795511,0.0,0.0,2.766122716422005e-29,-1.3314267344409919e-17,-6.6571694269275376e-18
1769651427.5153143,0.9135228995233755,0.0,0.0,2.040011273324482,0.005619071740657099,0.026471773236989876,0.0,0.0,2.613226876684891e-29,-1.3311502744319009e-17,-6.656027832194728e-18
1769651427.6257558,0.9125173518434148,0.0,0.0,2.0521044276654643,0.005684409784153112,0.025616793856024642,0.0,0.0,2.4406415499691748e-29,-1.3310565123186446e-17,-6.655376323730886e-18
1769651427.7405963,0.911511804163454,0.0,0.0,2.0641975820064467,0.005749747827649125,0.02476181447505941,0.0,0.0,1.8485887478507665e-29,-1.330942821023777e-17,-6.654827796432238e-18
1769651427.8489268,0.9105062564834933,0.0,0.0,2.076290736347429,0.005815085871145138,0.023906835094094175,0.0,0.0,1.7346628530947793e-29,-1.3311520711656362e-17,-6.655969605987387e-18
1769651427.962276,0.9095007088035325,0.0,0.0,2.0883838906884113,0.005880423914641151,0.02305185571312894,0.0,0.0,1.2612798387207238e-29,-1.3292014482224675e-17,-6.647957864068119e-18
1769651428.0761344,0.9084951611235718,0.0,0.0,2.1004770450293937,0.005945761958137164,0.022196876332163707,0.0,0.0,1.1952438649635228e-29,-1.3288418279381483e-17,-6.644568759987013e-18
1769651428.1906264,0.907489613443611,0.0,0.0,2.112570199370376,0.006011100001633177,0.021341896951198473,0.0,0.0,1.1110496469565574e-29,-1.3282321273706108e-17,-6.641770337431702e-18
1769651428.3019705,0.9064840657636503,0.0,0.0,2.1246633537113584,0.00607643804512919,0.02048691757023324,0.0,0.0,1.6519884181286386e-29,-1.3296388768913595e-17,-6.649601133994066e-18
1769651428.417175,0.9054785180836895,0.0,0.0,2.1367565080523407,0.006141776088625203,0.019631938189268006,0.0,0.0,1.4698856118077686e-29,-1.3292814238129183e-17,-6.646764572157731e-18
1769651428.5515592,0.9044729704037288,0.0,0.0,2.148849662393323,0.006207114132121216,0.018776958808302772,0.0,0.0,1.1141289117456565e-29,-1.3199951622962472e-17,-6.609262073009048e-18
1769651428.6669388,0.903467422723768,0.0,0.0,2.1609428167343054,0.0062724521756172295,0.017921979427337538,0.0,0.0,8.105087048778587e-30,-1.3273215719391307e-17,-6.643934269346642e-18
1769651428.7837675,0.9024618750438073,0.0,0.0,2.173035971075288,0.006337790219113243,0.017067000046372304,0.0,0.0,7.608527222204068e-30,-1.3294403405209199e-17,-6.649320471193997e-18
1769651428.8982904,0.9014563273638465,0.0,0.0,2.18512912541627,0.006403128262609256,0.01621202066540707,0.0,0.0,1.0719018767327819e-29,-1.330034320966309e-17,-6.650765585287653e-18
1769651429.0201144,0.9004507796838858,0.0,0.0,2.1972222797572525,0.006468466306105269,0.015357041284441838,0.0,0.0,1.0057430744195302e-29,-1.3293155332345953e-17,-6.647296453914748e-18
1769651429.1422758,0.899445232003925,0.0,0.0,2.209315434098235,0.006533804349601282,0.014502061903476606,0.0,0.0,7.864550984321993e-30,-1.2957959397543108e-17,-6.512499292259703e-18
1769651429.2752159,0.8984396843239643,0.0,0.0,2.221408588439217,0.006599142393097295,0.013647082522511374,0.0,0.0,5.5543544956425906e-30,-1.314532737221071e-17,-6.59140048357767e-18
1769651429.3899472,0.8974341366440035,0.0,0.0,2.2335017427801995,0.006664480436593308,0.012792103141546142,0.0,0.0,5.0632581569534785e-30,-1.3194809681186552e-17,-6.602353071495923e-18
1769651429.5166333,0.8964285889640428,0.0,0.0,2.245594897121182,0.006729818480089321,0.01193712376058091,0.0,0.0,7.324637822375697e-30,-1.3207110921300793e-17,-6.604785584669145e-18
1769651429.6312401,0.895423041284082,0.0,0.0,2.2576880514621642,0.006795156523585334,0.011082144379615678,0.0,0.0,5.561464576497113e-30,-1.327604794780749e-17,-6.644917676559976e-18
1769651429.7476923,0.8944174936041213,0.0,0.0,2.2697812058031466,0.006860494567081347,0.010227164998650446,0.0,0.0,5.238139609955437e-30,-1.3285240059502841e-17,-6.6435392409261935e-18
1769651429.8661246,0.8934119459241605,0.0,0.0,2.281874360144129,0.00692583261057736,0.009372185617685214,0.0,0.0,3.781691775698176e-30,-1.3280143169106337e-17,-6.640581273596601e-18
1769651429.9796255,0.8924063982441998,0.0,0.0,2.2939675144851113,0.006991170654073373,0.008517206236719982,0.0,0.0,3.557465356650501e-30,-1.3252850082184695e-17,-6.629154349788069e-18
1769651430.0934215,0.891400850564239,0.0,0.0,2.3060606688260936,0.007056508697569386,0.007662226855754749,0.0,0.0,3.3447296187541105e-30,-1.322516548304408e-17,-6.6153512014394466e-18
1769651430.2076879,0.8903953028842783,0.0,0.0,2.318153823167076,0.007121846741065399,0.006807247474789516,0.0,0.0,4.709242653777797e-30,-1.3272898542747258e-17,-6.6412225773486564e-18
1769651430.3246152,0.8893897552043175,0.0,0.0,2.3302469775080583,0.0071871847845614125,0.005952268093824283,0.0,0.0,4.421178285214851e-30,-1.3219787699687417e-17,-6.615204934154114e-18
1769651430.4364405,0.8883842075243568,0.0,0.0,2.3423401318490407,0.0072525228280574255,0.00509728871285905,0.0,0.0,3.349604374002746e-30,-1.3258272260700195e-17,-6.6329845864547255e-18
1769651430.5516725,0.887378659844396,0.0,0.0,2.354433286190023,0.007317860871553439,0.004242309331893817,0.0,0.0,3.141269908451008e-30,-1.3278544884555362e-17,-6.641299704666339e-18
1769651430.6693912,0.8863731121644353,0.0,0.0,2.3665264405310054,0.007383198915049452,0.003387329950928584,0.0,0.0,2.2870298843076897e-30,-1.326141091009598e-17,-6.632418852496216e-18
1769651430.7964811,0.8853675644844745,0.0,0.0,2.3786195948719877,0.007448536958545465,0.002532350569963351,0.0,0.0,3.221182810995844e-30,-1.3271837615467165e-17,-6.636961478273922e-18
1769651430.9142516,0.8843620168045138,0.0,0.0,2.39071274921297,0.007513875002041478,0.001677371188998118,0.0,0.0,3.0171628591519653e-30,-1.327984426186234e-17,-6.640722795573705e-18
1769651431.0235908,0.883356469124553,0.0,0.0,2.4028059035539524,0.007579213045537491,0.0008223918080328851,0.0,0.0,2.83937830629035e-30,-1.3267950041701342e-17,-6.6351644428696104e-18
1769651431.1325138,0.8823509214445923,0.0,0.0,2.4148990578949348,0.007644551089033504,0.0,0.0,0.0,2.1503281308996372e-30,-1.3294059080123662e-17,-6.6496404439062125e-18
1769651431.2495167,0.8813453737646315,0.0,0.0,2.426992212235917,0.007709889132529517,0.0,0.0,0.0,2.0211533758311825e-30,-1.3297879136214338e-17,-6.649321573718258e-18
1769651431.3728287,0.8803398260846708,0.0,0.0,2.4390853665768994,0.00777522717602553,0.0,0.0,0.0,1.4658462702242125e-30,-1.2969214114149533e-17,-6.517473559282713e-18
1769651431.545541,0.87933427840471,0.0,0.0,2.451178520917882,0.007840565219521542,0.0,0.0,0.0,1.6633263541408514e-30,-1.2633055062706108e-17,-6.35014343649906e-18
1769651431.677071,0.8783287307247493,0.0,0.0,2.463271675258864,0.007905903263017554,0.0,0.0,0.0,1.217217193159116e-30,-1.27701797847601e-17,-6.398802364586667e-18
1769651431.7901163,0.8773231830447885,0.0,0.0,2.4753648295998465,0.007971241306513567,0.0,0.0,0.0,1.1394203415022198e-30,-1.3022478985300595e-17,-6.536469412705486e-18
1769651431.9222178,0.8763176353648278,0.0,0.0,2.487457983940829,0.008036579350009579,0.0,0.0,0.0,1.6082921505907538e-30,-1.3143155028551538e-17,-6.583645118602472e-18
1769651432.0448172,0.875312087684867,0.0,0.0,2.499551138281811,0.008101917393505591,0.0,0.0,0.0,1.2831522826690582e-30,-1.3104466229371777e-17,-6.556101994605148e-18
1769651432.1659164,0.8743065400049063,0.0,0.0,2.5116442926227935,0.008167255437001603,0.0,0.0,0.0,8.855434696722183e-31,-1.3122546106778052e-17,-6.563081041130539e-18
1769651432.2883909,0.8733009923249455,0.0,0.0,2.523737446963776,0.008232593480497616,0.0,0.0,0.0,8.307190432216554e-31,-1.309996925136978e-17,-6.552242311226547e-18
1769651432.4137344,0.8722954446449848,0.0,0.0,2.5358306013047582,0.008297931523993628,0.0,0.0,0.0,1.1705445396831085e-30,-1.318254226053262e-17,-6.5995284311837645e-18
1769651432.5249996,0.871289896965024,0.0,0.0,2.5479237556457406,0.00836326956748964,0.0,0.0,0.0,1.0991362481279458e-30,-1.325082062018349e-17,-6.632238146057931e-18
1769651432.639925,0.8702843492850633,0.0,0.0,2.560016909986723,0.008428607610985652,0.0,0.0,0.0,8.319391532503906e-31,-1.3273066811376458e-17,-6.6387580248083575e-18
1769651432.7569556,0.8692788016051025,0.0,0.0,2.5721100643277053,0.008493945654481664,0.0,0.0,0.0,7.903561317396278e-31,-1.3281596631812653e-17,-6.641651297950736e-18
1769651432.8664875,0.8682732539251418,0.0,0.0,2.5842032186686876,0.008559283697977677,0.0,0.0,0.0,5.675572055715334e-31,-1.2954091293073606e-17,-6.509796180411275e-18
1769651432.9769814,0.867267706245181,0.0,0.0,2.59629637300967,0.008624621741473689,0.0,0.0,0.0,5.3558353012457e-31,-1.2981723488240892e-17,-6.49362496363771e-18
1769651433.10054,0.8662621585652203,0.0,0.0,2.6083895273506523,0.008689959784969701,0.0,0.0,0.0,7.47666491750352e-31,-1.2994443733315172e-17,-6.4984938911657616e-18
1769651433.2241814,0.8652566108852595,0.0,0.0,2.6204826816916347,0.008755297828465713,0.0,0.0,0.0,7.04691046669124e-31,-1.312321563229534e-17,-6.574485006046391e-18
1769651433.3406525,0.8642510632052988,0.0,0.0,2.632575836032617,0.008820635871961725,0.0,0.0,0.0,5.329943172047613e-31,-1.326572592983294e-17,-6.647113994670763e-18
1769651433.4580436,0.863245515525338,0.0,0.0,2.6446689903735994,0.008885973915457738,0.0,0.0,0.0,5.007510861675367e-31,-1.3252306550869741e-17,-6.627495213331691e-18
1769651433.5760803,0.8622399678453773,0.0,0.0,2.6567621447145817,0.00895131195895375,0.0,0.0,0.0,3.652977513847949e-31,-1.3272887790614615e-17,-6.6385020192821606e-18
1769651433.6842294,0.8612344201654165,0.0,0.0,2.668855299055564,0.009016650002449762,0.0,0.0,0.0,3.4557691167404994e-31,-1.3302846424127419e-17,-6.654419075415336e-18
1769651433.7986498,0.8602288724854558,0.0,0.0,2.6809484533965464,0.009081988045945774,0.0,0.0,0.0,4.887039291134124e-31,-1.3306926235009151e-17,-6.653871098593237e-18
1769651433.9184663,0.859223324805495,0.0,0.0,2.6930416077375288,0.009147326089441786,0.0,0.0,0.0,4.524114915640957e-31,-1.3308864899726672e-17,-6.65462631633554e-18
1769651434.0288174,0.8582177771255343,0.0,0.0,2.705134762078511,0.009212664132937799,0.0,0.0,0.0,3.4269857354084764e-31,-1.3329635599013295e-17,-6.666894869435653e-18
1769651434.1450555,0.8572122294455735,0.0,0.0,2.7172279164194935,0.00927800217643381,0.0,0.0,0.0,3.164684508642618e-31,-1.3334098494086152e-17,-6.667495536550678e-18
1769651434.266343,0.8562066817656128,0.0,0.0,2.729321070760476,0.009343340219929823,0.0,0.0,0.0,2.3342314123769503e-31,-1.3227931258481852e-17,-6.624582352801589e-18
1769651434.405481,0.855201134085652,0.0,0.0,2.741414225101458,0.009408678263425835,0.0,0.0,0.0,3.2951362356762146e-31,-1.3216409770332806e-17,-6.609357033981637e-18
1769651434.5196044,0.8541955864056913,0.0,0.0,2.7535073794424405,0.009474016306921847,0.0,0.0,0.0,3.0985961720688518e-31,-1.3279172787082396e-17,-6.645862695216467e-18
1769651434.6300077,0.8531900387257305,0.0,0.0,2.765600533783423,0.00953935435041786,0.0,0.0,0.0,2.344439555822764e-31,-1.3311006955368201e-17,-6.658686894512915e-18
1769651434.756664,0.8521844910457698,0.0,0.0,2.777693688124405,0.009604692393913872,0.0,0.0,0.0,2.1978707787831968e-31,-1.3314587665708979e-17,-6.657651903888787e-18
1769651434.869417,0.851178943365809,0.0,0.0,2.7897868424653876,0.009670030437409884,0.0,0.0,0.0,1.361324310663465e-31,-1.3297011168293618e-17,-6.650263233888482e-18
1769651434.9831157,0.8501733956858483,0.0,0.0,2.80187999680637,0.009735368480905896,0.0,0.0,0.0,1.5057358978702196e-31,-1.318494496546448e-17,-6.603679103015304e-18
1769651435.1022139,0.8491678480058875,0.0,0.0,2.8139731511473522,0.009800706524401908,0.0,0.0,0.0,2.2532542296727978e-31,-1.3251909092566629e-17,-6.632650958993754e-18
1769651435.2194731,0.8481623003259268,0.0,0.0,2.8260663054883346,0.00986604456789792,0.0,0.0,0.0,1.9894666714340547e-31,-1.3155396155124402e-17,-6.5873493713066225e-18
1769651435.3442922,0.847156752645966,0.0,0.0,2.838159459829317,0.009931382611393933,0.0,0.0,0.0,1.5129259355017158e-31,-1.325980114096406e-17,-6.640341069066147e-18
1769651435.4594736,0.8461512049660053,0.0,0.0,2.8502526141702993,0.009996720654889945,0.0,0.0,0.0,1.4190263363814781e-31,-1.3215795254451278e-17,-6.612298215877059e-18
1769651435.5758126,0.8451456572860445,0.0,0.0,2.8623457685112816,0.010062058698385957,0.0,0.0,0.0,1.0253074158953365e-31,-1.3220483727674782e-17,-6.6107107111598436e-18
1769651435.6883614,0.8441401096060838,0.0,0.0,2.874438922852264,0.01012739674188197,0.0,0.0,0.0,9.661094562521391e-32,-1.3210500204193632e-17,-6.606248454445027e-18
1769651435.7974193,0.843134561926123,0.0,0.0,2.8865320771932463,0.010192734785377982,0.0,0.0,0.0,1.370139472620484e-31,-1.3176160091239811e-17,-6.5915140569154246e-18
1769651435.9082344,0.8421290142461623,0.0,0.0,2.8986252315342287,0.010258072828873994,0.0,0.0,0.0,1.276240747828833e-31,-1.3237265702065456e-17,-6.62474341211542e-18
1769651436.0301888,0.8411234665662015,0.0,0.0,2.910718385875211,0.010323410872370006,0.0,0.0,0.0,9.733156544737031e-32,-1.3259814722243878e-17,-6.632162263139878e-18
1769651436.147787,0.8401179188862408,0.0,0.0,2.9228115402161934,0.010388748915866018,0.0,0.0,0.0,9.121787493762228e-32,-1.3268488246144878e-17,-6.63511147546263e-18
1769651436.2806478,0.83911237120628,0.0,0.0,2.9349046945571757,0.01045408695936203,0.0,0.0,0.0,7.132129700742265e-32,-1.3270739200461843e-17,-6.6355946956626894e-18
1769651436.3917987,0.8381068235263193,0.0,0.0,2.946997848898158,0.010519425002858043,0.0,0.0,0.0,6.194578489983766e-32,-1.322255254669442e-17,-6.6160949387240135e-18
1769651436.511356,0.8371012758463585,0.0,0.0,2.9590910032391404,0.010584763046354055,0.0,0.0,0.0,8.74024510522094e-32,-1.3217989058410453e-17,-6.60945087803371e-18
1769651436.624019,0.8360957281663978,0.0,0.0,2.9711841575801228,0.010650101089850067,0.0,0.0,0.0,8.224426277855005e-32,-1.3263633797996304e-17,-6.6363813729568195e-18
1769651436.7434564,0.835090180486437,0.0,0.0,2.983277311921105,0.01071543913334608,0.0,0.0,0.0,6.18616987856778e-32,-1.3238669973324241e-17,-6.6218313691293884e-18
1769651436.8564727,0.8340846328064763,0.0,0.0,2.9953704662620875,0.010780777176842091,0.0,0.0,0.0,5.758492158612194e-32,-1.3201407778281047e-17,-6.604430108644901e-18
1769651436.968857,0.8330790851265155,0.0,0.0,3.00746362060307,0.010846115220338104,0.0,0.0,0.0,4.2547656528172666e-32,-1.3270586734338388e-17,-6.64221126277497e-18
1769651437.0825195,0.8320735374465548,0.0,0.0,3.019556774944052,0.010911453263834116,0.0,0.0,0.0,3.9871848644683835e-32,-1.3288196847581374e-17,-6.645859435115026e-18
1769651437.1989014,0.831067989766594,0.0,0.0,3.0316499292850345,0.010976791307330128,0.0,0.0,0.0,5.623572960264852e-32,-1.3202028529837353e-17,-6.609631096693135e-18
1769651437.3072894,0.8300624420866333,0.0,0.0,3.043743083626017,0.01104212935082614,0.0,0.0,0.0,5.273764562427197e-32,-1.321888113028984e-17,-6.611125825190221e-18
1769651437.420355,0.8290568944066725,0.0,0.0,3.055836237966999,0.011107467394322152,0.0,0.0,0.0,4.939712852296063e-32,-1.323962718988845e-17,-6.6218882009041354e-18
1769651437.5454457,0.8280513467267118,0.0,0.0,3.0679293923079816,0.011172805437818165,0.0,0.0,0.0,3.761476904033807e-32,-1.3229943874640588e-17,-6.615940268845118e-18
1769651437.6567018,0.827045799046751,0.0,0.0,3.080022546648964,0.011238143481314177,0.0,0.0,0.0,3.5274019514774543e-32,-1.3269781247684287e-17,-6.638874361146549e-18
1769651437.771094,0.8260402513667903,0.0,0.0,3.0921157009899463,0.011303481524810189,0.0,0.0,0.0,2.559376104044426e-32,-1.3230028220011892e-17,-6.618989412773211e-18
1769651437.889729,0.8250347036868295,0.0,0.0,3.1042088553309286,0.011368819568306201,0.0,0.0,0.0,3.991339343701479e-32,-1.3381592886797667e-17,-6.7059529100774506e-18
1769651438.017162,0.8240291560068688,0.0,0.0,3.116302009671911,0.011434157611802213,0.0,0.0,0.0,3.390991812148988e-32,-1.31977150657967e-17,-6.6172453149984805e-18
1769651438.133625,0.823023608326908,0.0,0.0,3.1283951640128933,0.011499495655298226,0.0,0.0,0.0,2.573522191203797e-32,-1.3244301570887645e-17,-6.6268094359529424e-18
1769651438.2509353,0.8220180606469473,0.0,0.0,3.1404883183538757,0.011564833698794238,0.0,0.0,0.0,2.2620475632618986e-32,-1.3329737773665068e-17,-6.673412507110299e-18
1769651438.3652382,0.8210125129669865,0.0,0.0,3.152581472694858,0.01163017174229025,0.0,0.0,0.0,1.7404715122386776e-32,-1.3201051060341876e-17,-6.613394201503275e-18
1769651438.4888234,0.8200069652870258,0.0,0.0,3.1646746270358403,0.011695509785786262,0.0,0.0,0.0,1.647448888670215e-32,-1.3245343586036127e-17,-6.627101045587505e-18
1769651438.6182518,0.819001417607065,0.0,0.0,3.1767677813768227,0.011760847829282274,0.0,0.0,0.0,2.299334317252606e-32,-1.3102878763707334e-17,-6.5656858640865695e-18
1769651438.7309349,0.8179958699271043,0.0,0.0,3.188860935717805,0.011826185872778287,0.0,0.0,0.0,1.7607424088183934e-32,-1.3184870542058823e-17,-6.600634448864578e-18
1769651438.8543673,0.8169903222471435,0.0,0.0,3.2009540900587874,0.011891523916274299,0.0,0.0,0.0,1.6528768001410477e-32,-1.3156050664320815e-17,-6.580907319934224e-18
1769651438.9740527,0.8159847745671828,0.0,0.0,3.2130472443997697,0.011956861959770311,0.0,0.0,0.0,1.1937898734020707e-32,-1.3218955558965254e-17,-6.615768268947083e-18
1769651439.0980175,0.814979226887222,0.0,0.0,3.225140398740752,0.012022200003266323,0.0,0.0,0.0,1.6785146470361137e-32,-1.3266808611382295e-17,-6.638189610932869e-18
1769651439.219794,0.8139736792072613,0.0,0.0,3.2372335530817344,0.012087538046762335,0.0,0.0,0.0,1.5856440105545178e-32,-1.3256412193783666e-17,-6.629245738651712e-18
1769651439.3460774,0.8129681315273005,0.0,0.0,3.249326707422717,0.012152876090258348,0.0,0.0,0.0,1.1963059571683088e-32,-1.312877830553497e-17,-6.577152541592367e-18
1769651439.4632857,0.8119625838473398,0.0,0.0,3.261419861763699,0.01221821413375436,0.0,0.0,0.0,8.746616485932434e-33,-1.3144024025499771e-17,-6.573536584746374e-18
1769651439.5969727,0.810957036167379,0.0,0.0,3.2735130161046815,0.012283552177250372,0.0,0.0,0.0,1.2184718681849483e-32,-1.3019676950348074e-17,-6.522273182689219e-18
1769651439.729893,0.8099514884874183,0.0,0.0,3.285606170445664,0.012348890220746384,0.0,0.0,0.0,2.5277796564900827e-24,-1.2688826572028997e-17,-6.3775008516260625e-18
1769651439.850418,0.8089459408074575,0.0,0.0,3.297699324786646,0.012414228264242396,0.0,0.0,0.0,3.9630917051154722e-25,-1.2931964316677337e-17,-6.490296329112672e-18
1769651439.9853919,0.8079403931274968,0.0,0.0,3.3097924791276285,0.012479566307738409,0.0,0.0,0.0,2.378227434288317e-25,-1.310887392614226e-17,-6.572128161840366e-18
1769651440.1056566,0.806934845447536,0.0,0.0,3.321885633468611,0.01254490435123442,0.0,0.0,0.0,3.3549366258115206e-25,-1.3002091311474335e-17,-6.511724252697623e-18
1769651440.2229075,0.8059292977675753,0.0,0.0,3.3339787878095932,0.012610242394730433,0.0,0.0,0.0,3.1368543041657335e-25,-1.3115787626072604e-17,-6.569263758181559e-18
1769651440.3397915,0.8049237500876145,0.0,0.0,3.3460719421505756,0.012675580438226445,0.0,0.0,0.0,2.668531546884668e-25,-1.3149356352257923e-17,-6.5780353156006476e-18
1769651440.4571996,0.8039182024076538,0.0,0.0,3.358165096491558,0.012740918481722457,0.0,0.0,0.0,2.2411422894479187e-25,-1.316088732617228e-17,-6.581596984591805e-18
1769651440.574559,0.802912654727693,0.0,0.0,3.3702582508325403,0.01280625652521847,0.0,0.0,0.0,1.7202660964787527e-25,-1.3155308095768401e-17,-6.5782121429511984e-18
1769651440.7276516,0.8019071070477323,0.0,0.0,3.3823514051735226,0.012871594568714482,0.0,0.0,0.0,2.2929468554311226e-25,-1.3043564141943679e-17,-6.532956695648997e-18
1769651440.86727,0.8009015593677715,0.0,0.0,3.394444559514505,0.012936932612210494,0.0,0.0,0.0,1.7376384536394437e-25,-1.3157551356605524e-17,-6.590174573532792e-18
1769651440.9845555,0.7998960116878108,0.0,0.0,3.4065377138554873,0.013002270655706506,0.0,0.0,0.0,1.2609832768362457e-25,-1.3119507252739141e-17,-6.563558162854537e-18
1769651441.1267495,0.79889046400785,0.0,0.0,3.4186308681964697,0.013067608699202518,0.0,0.0,0.0,1.7228852577172855e-25,-1.3143332572459494e-17,-6.574048990490308e-18
1769651441.2600255,0.7978849163278893,0.0,0.0,3.430724022537452,0.01313294674269853,0.0,0.0,0.0,1.3480528316473019e-25,-1.2992461522850221e-17,-6.511318001191321e-18
1769651441.3771732,0.7968793686479285,0.0,0.0,3.4428171768784344,0.013198284786194543,0.0,0.0,0.0,9.425817805153871e-26,-1.3083520427859074e-17,-6.5508661986886e-18
1769651441.50015,0.7958738209679678,0.0,0.0,3.4549103312194167,0.013263622829690555,0.0,0.0,0.0,1.3811720445051707e-25,-1.3159971890567173e-17,-6.587631229671601e-18
1769651441.641869,0.794868273288007,0.0,0.0,3.467003485560399,0.013328960873186567,0.0,0.0,0.0,9.811361175313095e-26,-1.3265017643361364e-17,-6.6430134950737135e-18
1769651441.7700288,0.7938627256080463,0.0,0.0,3.4790966399013814,0.01339429891668258,0.0,0.0,0.0,7.580177155377532e-26,-1.3194049285516167e-17,-6.604121554344375e-18
1769651441.8829954,0.7928571779280855,0.0,0.0,3.4911897942423638,0.013459636960178592,0.0,0.0,0.0,6.835400543832927e-26,-1.2947833228609398e-17,-6.498538288349381e-18
1769651441.9956362,0.7918516302481248,0.0,0.0,3.503282948583346,0.013524975003674604,0.0,0.0,0.0,1.0118551538554413e-25,-1.2942406841859437e-17,-6.4717461607902295e-18
1769651442.1157248,0.790846082568164,0.0,0.0,3.5153761029243284,0.013590313047170616,0.0,0.0,0.0,8.317289658432467e-26,-1.3246039885427282e-17,-6.6533833302433215e-18
1769651442.2308245,0.7898405348882033,0.0,0.0,3.527469257265311,0.013655651090666628,0.0,0.0,0.0,8.925045822060149e-26,-1.3191913698877863e-17,-6.601369557344331e-18
1769651442.356424,0.7888349872082425,0.0,0.0,3.539562411606293,0.01372098913416264,0.0,0.0,0.0,6.723015960857971e-26,-1.3131285935807711e-17,-6.571705811441031e-18
1769651442.478372,0.7878294395282818,0.0,0.0,3.5516555659472755,0.013786327177658653,0.0,0.0,0.0,4.881443149615937e-26,-1.3154371285303963e-17,-6.579494226416038e-18
1769651442.6044488,0.786823891848321,0.0,0.0,3.563748720288258,0.013851665221154665,0.0,0.0,0.0,6.882994605566166e-26,-1.3223508464783173e-17,-6.618668019169453e-18
1769651442.7256367,0.7858183441683603,0.0,0.0,3.57584187462924,0.013917003264650677,0.0,0.0,0.0,6.233262847188913e-26,-1.3204552497450433e-17,-6.604171907791119e-18
1769651442.84906,0.7848127964883995,0.0,0.0,3.5879350289702225,0.01398234130814669,0.0,0.0,0.0,4.903252279745356e-26,-1.3105971975410025e-17,-6.562844088941576e-18
1769651442.9776003,0.7838072488084388,0.0,0.0,3.600028183311205,0.014047679351642701,0.0,0.0,0.0,3.5684241177278143e-26,-1.3225812177888625e-17,-6.624890144876413e-18
1769651443.111927,0.782801701128478,0.0,0.0,3.6121213376521872,0.014113017395138714,0.0,0.0,0.0,5.196981896226127e-26,-1.3251101797322178e-17,-6.628079912574263e-18
1769651443.232539,0.7817961534485173,0.0,0.0,3.6242144919931696,0.014178355438634726,0.0,0.0,0.0,3.800144845203874e-26,-1.3147641919015075e-17,-6.5841669853396956e-18
1769651443.3448305,0.7807906057685565,0.0,0.0,3.636307646334152,0.014243693482130738,0.0,0.0,0.0,3.5756390258541473e-26,-1.3237614534720014e-17,-6.627804564686891e-18
1769651443.4600065,0.7797850580885958,0.0,0.0,3.6484008006751343,0.01430903152562675,0.0,0.0,0.0,3.3537183433021005e-26,-1.3225141023433081e-17,-6.6138178963824174e-18
1769651443.5718462,0.778779510408635,0.0,0.0,3.6604939550161166,0.014374369569122762,0.0,0.0,0.0,2.3974128532814635e-26,-1.2991383135779153e-17,-6.519067380629098e-18
1769651443.6841629,0.7777739627286743,0.0,0.0,3.672587109357099,0.014439707612618775,0.0,0.0,0.0,2.2356838750523438e-26,-1.304255842207143e-17,-6.526396762021782e-18
1769651443.8063867,0.7767684150487135,0.0,0.0,3.6846802636980813,0.014505045656114787,0.0,0.0,0.0,3.2180077593237274e-26,-1.3168459646581067e-17,-6.596819977921575e-18
1769651443.9263868,0.7757628673687528,0.0,0.0,3.6967734180390637,0.014570383699610799,0.0,0.0,0.0,3.026267733372358e-26,-1.3212882295501038e-17,-6.610883442905193e-18
1769651444.0719507,0.774757319688792,0.0,0.0,3.708866572380046,0.014635721743106811,0.0,0.0,0.0,1.7764758105248305e-26,-1.3260332559960104e-17,-6.634911324190716e-18
1769651444.2012608,0.7737517720088313,0.0,0.0,3.7209597267210284,0.014701059786602824,0.0,0.0,0.0,2.5174417114735616e-26,-1.3268202563649162e-17,-6.634888307367904e-18
1769651444.318492,0.7727462243288705,0.0,0.0,3.7330528810620107,0.014766397830098836,0.0,0.0,0.0,2.3500730262216673e-26,-1.3281602144666828e-17,-6.642141053935911e-18
1769651444.4502773,0.7717406766489098,0.0,0.0,3.745146035402993,0.014831735873594848,0.0,0.0,0.0,1.7836692412484357e-26,-1.313389504499351e-17,-6.581718250300779e-18
1769651444.5862734,0.770735128968949,0.0,0.0,3.7572391897439754,0.01489707391709086,0.0,0.0,0.0,1.2907786391376476e-26,-1.3261025572182056e-17,-6.643225851717669e-18
1769651444.7049289,0.7697295812889883,0.0,0.0,3.7693323440849578,0.014962411960586872,0.0,0.0,0.0,1.8330807908872476e-26,-1.3265698825828018e-17,-6.633316756609413e-18
1769651444.8211527,0.7687240336090275,0.0,0.0,3.78142549842594,0.015027750004082885,0.0,0.0,0.0,1.7143415985890928e-26,-1.3262929148055886e-17,-6.631741558948572e-18
1769651444.9348679,0.7677184859290668,0.0,0.0,3.7935186527669225,0.015093088047578897,0.0,0.0,0.0,1.298928314039577e-26,-1.3226069350755983e-17,-6.616720668097265e-18
1769651445.0540118,0.766712938249106,0.0,0.0,3.805611807107905,0.015158426091074909,0.0,0.0,0.0,1.2152206284063558e-26,-1.3181791807442154e-17,-6.595323670204667e-18
1769651445.173869,0.7657073905691453,0.0,0.0,3.817704961448887,0.015223764134570921,0.0,0.0,0.0,8.871910664546709e-27,-1.314178541691583e-17,-6.574893356382458e-18
1769651445.290781,0.7647018428891845,0.0,0.0,3.8297981157898695,0.015289102178066933,0.0,0.0,0.0,8.33173152326638e-27,-1.3085208683661477e-17,-6.548262023487905e-18
1769651445.4134874,0.7636962952092238,0.0,0.0,3.841891270130852,0.015354440221562946,0.0,0.0,0.0,1.1705467151380439e-26,-1.3215054545523463e-17,-6.620511870653397e-18
1769651445.5423162,0.762690747529263,0.0,0.0,3.853984424471834,0.015419778265058958,0.0,0.0,0.0,8.595750413642938e-27,-1.3042116349880221e-17,-6.538352003100185e-18
1769651445.668434,0.7616851998493023,0.0,0.0,3.8660775788128166,0.01548511630855497,0.0,0.0,0.0,6.465194280335166e-27,-1.3122388248426046e-17,-6.5692213205328e-18
1769651445.78154,0.7606796521693415,0.0,0.0,3.878170733153799,0.015550454352050982,0.0,0.0,0.0,5.993870834533754e-27,-1.3199150093076921e-17,-6.607251236997419e-18
1769651445.9045825,0.7596741044893808,0.0,0.0,3.8902638874947812,0.015615792395546994,0.0,0.0,0.0,8.491422028094625e-27,-1.314853255606689e-17,-6.5793280402258706e-18
1769651446.019474,0.75866855680942,0.0,0.0,3.9023570418357636,0.01568113043904301,0.0,0.0,0.0,8.003589174729132e-27,-1.3214328791319639e-17,-6.613744027188684e-18
1769651446.136317,0.7576630091294593,0.0,0.0,3.914450196176746,0.015746468482539022,0.0,0.0,0.0,6.0141812648169376e-27,-1.3248854826193675e-17,-6.6278800225984226e-18
1769651446.2545986,0.7566574614494985,0.0,0.0,3.9265433505177283,0.015811806526035036,0.0,0.0,0.0,5.6880305180255995e-27,-1.3064272431809775e-17,-6.550594461031308e-18
1769651446.384423,0.7556519137695378,0.0,0.0,3.9386365048587106,0.01587714456953105,0.0,0.0,0.0,4.14267438217286e-27,-1.3184438426751e-17,-6.604235817012297e-18
1769651446.5378792,0.754646366089577,0.0,0.0,3.950729659199693,0.015942482613027064,0.0,0.0,0.0,4.683897074630157e-27,-1.324368457185993e-17,-6.627766905124755e-18
1769651446.6566167,0.7536408184096163,0.0,0.0,3.9628228135406753,0.016007820656523078,0.0,0.0,0.0,3.3080717878822354e-27,-1.3305841690404321e-17,-6.659136560364671e-18
1769651446.7886305,0.7526352707296555,0.0,0.0,3.9749159678816577,0.016073158700019092,0.0,0.0,0.0,3.220379238628391e-27,-1.3075087737202998e-17,-6.5606192671420105e-18
1769651446.9014559,0.7516297230496948,0.0,0.0,3.98700912222264,0.016138496743515106,0.0,0.0,0.0,4.578286797453953e-27,-1.3217572199919253e-17,-6.623034550809539e-18
1769651447.0216632,0.750624175369734,0.0,0.0,3.9991022765636224,0.01620383478701112,0.0,0.0,0.0,4.252121029709218e-27,-1.3158992025166798e-17,-6.585354034310766e-18
1769651447.1338382,0.7496186276897733,0.0,0.0,4.0,0.016269172830507134,0.0,0.0,0.0,3.2297220436721115e-27,-1.321392361099492e-17,-6.612454967309994e-18
1769651447.2572033,0.7486130800098125,0.0,0.0,4.0,0.016334510874003148,0.0,0.0,0.0,3.0564903335781626e-27,-1.3157747748168763e-17,-6.5844914634234875e-18
1769651447.3780365,0.7476075323298518,0.0,0.0,4.0,0.01639984891749916,0.0,0.0,0.0,2.2016990242410227e-27,-1.3103036639866713e-17,-6.556989432965261e-18
1769651447.5017054,0.746601984649891,0.0,0.0,4.0,0.016465186960995176,0.0,0.0,0.0,3.010314137949235e-27,-1.3196059423886177e-17,-6.607331993355349e-18
1769651447.6291525,0.7455964369699303,0.0,0.0,4.0,0.01653052500449119,0.0,0.0,0.0,2.351406387633452e-27,-1.3120950481153263e-17,-6.5679861372013294e-18
1769651447.7477217,0.7445908892899695,0.0,0.0,4.0,0.016595863047987203,0.0,0.0,0.0,2.1991724124742384e-27,-1.308370626526366e-17,-6.545577556419962e-18
1769651447.880609,0.7435853416100088,0.0,0.0,4.0,0.016661201091483217,0.0,0.0,0.0,1.6039702565152255e-27,-1.3005678131139624e-17,-6.510641880586185e-18
1769651447.9937863,0.742579793930048,0.0,0.0,4.0,0.01672653913497923,0.0,0.0,0.0,1.3995230917239283e-27,-1.3196355008198635e-17,-6.6172451932047415e-18
1769651448.1138651,0.7415742462500873,0.0,0.0,4.0,0.016791877178475245,0.0,0.0,0.0,2.124152935914506e-27,-1.313399763205841e-17,-6.57323455576738e-18
1769651448.2338772,0.7405686985701265,0.0,0.0,4.0,0.01685721522197126,0.0,0.0,0.0,1.6072487588021533e-27,-1.3071547307082498e-17,-6.542018687646089e-18
1769651448.355198,0.7395631508901658,0.0,0.0,4.0,0.016922553265467273,0.0,0.0,0.0,1.5141599060629807e-27,-1.3094603743621658e-17,-6.549607516978905e-18
1769651448.470107,0.738557603210205,0.0,0.0,4.0,0.016987891308963287,0.0,0.0,0.0,1.0936645400665376e-27,-1.3198731352066233e-17,-6.609778437971239e-18
1769651448.58545,0.7375520555302443,0.0,0.0,4.0,0.0170532293524593,0.0,0.0,0.0,1.0316609205218708e-27,-1.3170221705795473e-17,-6.587961818556473e-18
1769651448.7064629,0.7365465078502835,0.0,0.0,4.0,0.017118567395955315,0.0,0.0,0.0,1.5453541322468313e-27,-1.3205955304536387e-17,-6.606551013687639e-18
1769651448.8293893,0.7355409601703228,0.0,0.0,4.0,0.01718390543945133,0.0,0.0,0.0,1.1075557871811335e-27,-1.3225956009194153e-17,-6.614978076170409e-18
1769651448.9429579,0.734535412490362,0.0,0.0,4.0,0.017249243482947343,0.0,0.0,0.0,1.0345410333735053e-27,-1.325470130717863e-17,-6.630225184422303e-18
1769651449.0570982,0.7335298648104013,0.0,0.0,4.0,0.017314581526443357,0.0,0.0,0.0,9.696722225733406e-28,-1.3279168358318767e-17,-6.64203088524307e-18
1769651449.169882,0.7325243171304405,0.0,0.0,4.0,0.01737991956993937,0.0,0.0,0.0,7.02527399605916e-28,-1.3264710012238893e-17,-6.633800841429961e-18
1769651449.3078933,0.7315187694504798,0.0,0.0,4.0,0.017445257613435385,0.0,0.0,0.0,9.950847391109877e-28,-1.3269108617507965e-17,-6.634994170275974e-18
1769651449.420423,0.730513221770519,0.0,0.0,4.0,0.0175105956569314,0.0,0.0,0.0,9.333660015104486e-28,-1.3121409609041823e-17,-6.575474706300891e-18
1769651449.5413356,0.7295076740905583,0.0,0.0,4.0,0.017575933700427412,0.0,0.0,0.0,7.092126824831599e-28,-1.313945872631169e-17,-6.571534275592044e-18
1769651449.6602635,0.7285021264105975,0.0,0.0,4.0,0.017641271743923426,0.0,0.0,0.0,6.638536708767221e-28,-1.3151105144269212e-17,-6.576717214594212e-18
1769651449.7789488,0.7274965787306368,0.0,0.0,4.0,0.01770660978741944,0.0,0.0,0.0,8.714010150914914e-28,-1.3248328706263772e-17,-6.633886710202743e-18
1769651449.889973,0.726491031050676,0.0,0.0,4.0,0.017771947830915454,0.0,0.0,0.0,4.41642398708947e-28,-1.3218210058093222e-17,-6.612116894305309e-18
1769651450.0137296,0.7254854833707153,0.0,0.0,4.0,0.017837285874411468,0.0,0.0,0.0,6.472023309461237e-28,-1.3155058877296746e-17,-6.5838445573752236e-18
1769651450.1293335,0.7244799356907545,0.0,0.0,4.0,0.017902623917907482,0.0,0.0,0.0,4.843968858392013e-28,-1.3191254466817503e-17,-6.599246792845224e-18
1769651450.2595809,0.7234743880107938,0.0,0.0,4.0,0.017967961961403496,0.0,0.0,0.0,4.5474755049811105e-28,-1.3058875508253377e-17,-6.542675650437849e-18
1769651450.38811,0.722468840330833,0.0,0.0,4.0,0.01803330000489951,0.0,0.0,0.0,3.2969763845880447e-28,-1.3171948478874025e-17,-6.597281536828775e-18
1769651450.5024116,0.7214632926508723,0.0,0.0,4.0,0.018098638048395524,0.0,0.0,0.0,4.65555164868497e-28,-1.3201896704754575e-17,-6.603943175430898e-18
1769651450.6180277,0.7204577449709115,0.0,0.0,4.0,0.018163976091891538,0.0,0.0,0.0,4.368495980140921e-28,-1.3143479305566922e-17,-6.577581393139076e-18
1769651450.730263,0.7194521972909508,0.0,0.0,4.0,0.018229314135387552,0.0,0.0,0.0,3.3177116205688103e-28,-1.3259727470180616e-17,-6.641488551883449e-18
1769651450.8443718,0.71844664961099,0.0,0.0,4.0,0.018294652178883566,0.0,0.0,0.0,3.1398090419903194e-28,-1.3280198759815514e-17,-6.642146509185228e-18
1769651450.9632294,0.7174411019310293,0.0,0.0,4.0,0.01835999022237958,0.0,0.0,0.0,2.2583705212461536e-28,-1.3230996373512073e-17,-6.620418425612217e-18
1769651451.0774395,0.7164355542510685,0.0,0.0,4.0,0.018425328265875594,0.0,0.0,0.0,2.094984017178014e-28,-1.3246191390955896e-17,-6.6246151974318285e-18
1769651451.1903832,0.7154300065711078,0.0,0.0,4.0,0.018490666309371608,0.0,0.0,0.0,1.9882222068569026e-28,-1.3273798651437507e-17,-6.639660051965737e-18
1769651451.303628,0.714424458891147,0.0,0.0,4.0,0.01855600435286762,0.0,0.0,0.0,2.834403717081874e-28,-1.3282133799909346e-17,-6.641900415085298e-18
1769651451.4124458,0.7134189112111863,0.0,0.0,4.0,0.018621342396363635,0.0,0.0,0.0,2.632345258611449e-28,-1.3298977530537518e-17,-6.651173138594811e-18
1769651451.5223446,0.7124133635312255,0.0,0.0,4.0,0.01868668043985965,0.0,0.0,0.0,2.471278437576021e-28,-1.3173236911846984e-17,-6.599192518039673e-18
1769651451.6372776,0.7114078158512648,0.0,0.0,4.0,0.018752018483355663,0.0,0.0,0.0,1.8751073971446362e-28,-1.3126647116441653e-17,-6.5679825379488704e-18
1769651451.750589,0.710402268171304,0.0,0.0,4.0,0.018817356526851677,0.0,0.0,0.0,1.7070964112829442e-28,-1.327493233758951e-17,-6.6522946910802504e-18
1769651451.8683178,0.7093967204913433,0.0,0.0,4.0,0.01888269457034769,0.0,0.0,0.0,1.2802860692849575e-28,-1.3269307503374694e-17,-6.635216235236857e-18
1769651451.9927645,0.7083911728113825,0.0,0.0,4.0,0.018948032613843705,0.0,0.0,0.0,1.103353652965448e-28,-1.334962561146495e-17,-6.682844616651835e-18
1769651452.1070433,0.7073856251314218,0.0,0.0,4.0,0.01901337065733972,0.0,0.0,0.0,1.6920965445205476e-28,-1.328195910617936e-17,-6.647746203787449e-18
1769651452.222382,0.706380077451461,0.0,0.0,4.0,0.019078708700835733,0.0,0.0,0.0,1.5447712243913989e-28,-1.328739150187445e-17,-6.644238990661211e-18
1769651452.3369908,0.7053745297715003,0.0,0.0,4.0,0.019144046744331747,0.0,0.0,0.0,1.2044862213104029e-28,-1.3251965825233348e-17,-6.629525480401233e-18
1769651452.4544978,0.7043689820915395,0.0,0.0,4.0,0.01920938478782776,0.0,0.0,0.0,1.1292965004642992e-28,-1.3186344993340738e-17,-6.59973457997256e-18
1769651452.5686498,0.7033634344115788,0.0,0.0,4.0,0.019274722831323775,0.0,0.0,0.0,8.226509663381164e-29,-1.3209004836106876e-17,-6.606768402412317e-18
1769651452.6940298,0.702357886731618,0.0,0.0,4.0,0.01934006087481979,0.0,0.0,0.0,7.689395004447814e-29,-1.3216708445302486e-17,-6.609124583647698e-18
1769651452.8047214,0.7013523390516573,0.0,0.0,4.0,0.019405398918315803,0.0,0.0,0.0,1.08150343252775e-28,-1.3253977861183403e-17,-6.6307158722879434e-18
1769651452.9168632,0.7003467913716965,0.0,0.0,4.0,0.019470736961811817,0.0,0.0,0.0,1.022540628691776e-28,-1.3271204375783102e-17,-6.6373248394537744e-18
1769651453.04432,0.6993412436917358,0.0,0.0,4.0,0.01953607500530783,0.0,0.0,0.0,7.718885791643195e-29,-1.324581131130709e-17,-6.625444962178335e-18
1769651453.180209,0.698335696011775,0.0,0.0,4.0,0.019601413048803844,0.0,0.0,0.0,5.623562522112913e-29,-1.3156174825442915e-17,-6.58705106136411e-18
1769651453.3062465,0.6973301483318143,0.0,0.0,4.0,0.01966675109229986,0.0,0.0,0.0,7.917928507991531e-29,-1.316321163019442e-17,-6.58230949565154e-18
1769651453.4297445,0.6963246006518535,0.0,0.0,4.0,0.019732089135795872,0.0,0.0,0.0,6.010691617116382e-29,-1.327811895787415e-17,-6.6505502117651544e-18
1769651453.5575368,0.6953190529718928,0.0,0.0,4.0,0.019797427179291886,0.0,0.0,0.0,5.627095591077214e-29,-1.326658890107255e-17,-6.6344474562727065e-18
1769651453.6785817,0.694313505291932,0.0,0.0,4.0,0.0198627652227879,0.0,0.0,0.0,4.088987664399182e-29,-1.3164693417567141e-17,-6.592536257175002e-18
1769651453.7939832,0.6933079576119713,0.0,0.0,4.0,0.019928103266283914,0.0,0.0,0.0,3.861944158426207e-29,-1.3115866028466629e-17,-6.562815753181985e-18
1769651453.9173222,0.6923024099320105,0.0,0.0,4.0,0.019993441309779928,0.0,0.0,0.0,5.414107635681043e-29,-1.3086674800001493e-17,-6.546256522901401e-18
1769651454.0396643,0.6912968622520498,0.0,0.0,4.0,0.020058779353275942,0.0,0.0,0.0,4.0619346265591026e-29,-1.2956237864030241e-17,-6.491162625652865e-18
1769651454.156912,0.690291314572089,0.0,0.0,4.0,0.020124117396771956,0.0,0.0,0.0,3.817953607535256e-29,-1.2728307067467984e-17,-6.3869466134283974e-18
1769651454.2775986,0.6892857668921283,0.0,0.0,4.0,0.02018945544026797,0.0,0.0,0.0,2.8062506527284345e-29,-1.3053470742955655e-17,-6.559251739054657e-18
1769651454.392534,0.6882802192121675,0.0,0.0,4.0,0.020254793483763984,0.0,0.0,0.0,2.634691764422433e-29,-1.3061901886258573e-17,-6.531794057485925e-18
1769651454.5238128,0.6872746715322068,0.0,0.0,4.0,0.020320131527259998,0.0,0.0,0.0,3.7013249548856535e-29,-1.2943862577446236e-17,-6.483735219641365e-18
1769651454.6403184,0.686269123852246,0.0,0.0,4.0,0.02038546957075601,0.0,0.0,0.0,2.804496099940027e-29,-1.3023255242281207e-17,-6.519566887652145e-18
1769651454.773399,0.6852635761722853,0.0,0.0,4.0,0.020450807614252026,0.0,0.0,0.0,2.038168509402688e-29,-1.3031344733643845e-17,-6.5164813159785676e-18
1769651454.8998532,0.6842580284923245,0.0,0.0,4.0,0.02051614565774804,0.0,0.0,0.0,2.875759440474339e-29,-1.3206179873824543e-17,-6.620573450959098e-18
1769651455.032212,0.6832524808123638,0.0,0.0,4.0,0.020581483701244054,0.0,0.0,0.0,2.701922564748899e-29,-1.3071412400987335e-17,-6.549182947804408e-18
1769651455.155559,0.682246933132403,0.0,0.0,4.0,0.020646821744740067,0.0,0.0,0.0,2.0547981141782962e-29,-1.3165699192463932e-17,-6.592278275400174e-18
1769651455.2855823,0.6812413854524423,0.0,0.0,4.0,0.02071215978823608,0.0,0.0,0.0,1.483525076984923e-29,-1.3067620469180011e-17,-6.543618106933233e-18
1769651455.4023066,0.6802358377724815,0.0,0.0,4.0,0.020777497831732095,0.0,0.0,0.0,1.4689649707882898e-29,-1.358218132586432e-17,-6.8425467486152805e-18
1769651455.5193665,0.6792302900925208,0.0,0.0,4.0,0.02084283587522811,0.0,0.0,0.0,1.9334632884698301e-29,-1.3183841171294316e-17,-6.6317546011234935e-18
1769651455.6431074,0.67822474241256,0.0,0.0,4.0,0.020908173918724123,0.0,0.0,0.0,1.497520435534409e-29,-1.3135476776310204e-17,-6.572574827668489e-18
1769651455.7622113,0.6772191947325993,0.0,0.0,4.0,0.020973511962220137,0.0,0.0,0.0,1.0377448421620461e-29,-1.3181475331180231e-17,-6.595337521087496e-18
1769651455.881256,0.6762136470526385,0.0,0.0,4.0,0.02103885000571615,0.0,0.0,0.0,1.015393678379552e-29,-1.316234938581773e-17,-6.5830872874552696e-18
1769651456.002696,0.6752080993726778,0.0,0.0,4.0,0.021104188049212165,0.0,0.0,0.0,8.674341590698538e-30,-1.3282379314426752e-17,-6.653192650082953e-18
1769651456.156891,0.674202551692717,0.0,0.0,4.0,0.02116952609270818,0.0,0.0,0.0,1.0505162502083559e-29,-1.3228310259915415e-17,-6.619562035419346e-18
1769651456.2703323,0.6731970040127563,0.0,0.0,4.0,0.021234864136204193,0.0,0.0,0.0,7.904401122124617e-30,-1.3026249283578993e-17,-6.5333307394310424e-18
1769651456.399314,0.6721914563327955,0.0,0.0,4.0,0.021300202179700207,0.0,0.0,0.0,1.120660118894777e-29,-1.312544878602734e-17,-6.5726443432697115e-18
1769651456.529602,0.6711859086528348,0.0,0.0,4.0,0.02136554022319622,0.0,0.0,0.0,8.424765831439978e-30,-1.3239099443496479e-17,-6.630914787503578e-18
1769651456.6453948,0.670180360972874,0.0,0.0,4.0,0.021430878266692235,0.0,0.0,0.0,7.925891083256092e-30,-1.3262791408409967e-17,-6.6337649007042585e-18
1769651456.7673101,0.6691748132929133,0.0,0.0,4.0,0.02149621631018825,0.0,0.0,0.0,5.615081862848163e-30,-1.3273453743144363e-17,-6.637793105051236e-18
1769651456.8831646,0.6681692656129525,0.0,0.0,4.0,0.021561554353684263,0.0,0.0,0.0,5.5320874507038525e-30,-1.326196791225387e-17,-6.632132539221516e-18
1769651457.0002034,0.6671637179329918,0.0,0.0,4.0,0.021626892397180277,0.0,0.0,0.0,7.625525102130969e-30,-1.3271288787893193e-17,-6.6365764815181535e-18
1769651457.1199749,0.666158170253031,0.0,0.0,4.0,0.02169223044067629,0.0,0.0,0.0,7.190502954278685e-30,-1.3246077510321868e-17,-6.625559882925257e-18
1769651457.2351363,0.6651526225730703,0.0,0.0,4.0,0.021757568484172304,0.0,0.0,0.0,5.40567351262791e-30,-1.321401904760687e-17,-6.61021537008034e-18
1769651457.3488104,0.6641470748931095,0.0,0.0,4.0,0.02182290652766832,0.0,0.0,0.0,5.06256394926763e-30,-1.320143340653063e-17,-6.601975267378002e-18
1769651457.4714367,0.6631415272131488,0.0,0.0,4.0,0.021888244571164332,0.0,0.0,0.0,3.697451562980886e-30,-1.317780955614199e-17,-6.591267163113557e-18
1769651457.58421,0.662135979533188,0.0,0.0,4.0,0.021953582614660346,0.0,0.0,0.0,3.47843218417097e-30,-1.3123453833009961e-17,-6.567162488821662e-18
1769651457.7002962,0.6611304318532273,0.0,0.0,4.0,0.02201892065815636,0.0,0.0,0.0,4.894067860539789e-30,-1.3182310593546633e-17,-6.597040972831877e-18
1769651457.822162,0.6601248841732665,0.0,0.0,4.0,0.022084258701652374,0.0,0.0,0.0,4.6209109112670236e-30,-1.3245875349767217e-17,-6.629294150510288e-18
1769651457.939942,0.6591193364933058,0.0,0.0,4.0,0.022149596745148388,0.0,0.0,0.0,5.0358039679938725e-30,-1.3203875682416548e-17,-6.606137807948377e-18
1769651458.054292,0.658113788813345,0.0,0.0,4.0,0.022214934788644402,0.0,0.0,0.0,3.2704862835951e-30,-1.314041070821492e-17,-6.576551851530893e-18
1769651458.174946,0.6571082411333843,0.0,0.0,4.0,0.022280272832140416,0.0,0.0,0.0,2.3724654798429984e-30,-1.3199491241682243e-17,-6.605653674190227e-18
1769651458.3102932,0.6561026934534235,0.0,0.0,4.0,0.02234561087563643,0.0,0.0,0.0,3.454804126067717e-30,-1.3225115156178346e-17,-6.615119969542238e-18
1769651458.4230256,0.6550971457734628,0.0,0.0,4.0,0.022410948919132444,0.0,0.0,0.0,3.1126765249865286e-30,-1.3238067160930448e-17,-6.620328780943547e-18
1769651458.5367823,0.654091598093502,0.0,0.0,4.0,0.022476286962628458,0.0,0.0,0.0,2.378503649752683e-30,-1.3232073467430514e-17,-6.6166361030676286e-18
1769651458.6518118,0.6530860504135413,0.0,0.0,4.0,0.02254162500612447,0.0,0.0,0.0,2.236230946722435e-30,-1.3110178834441568e-17,-6.567278880521915e-18
1769651458.7842522,0.6520805027335805,0.0,0.0,4.0,0.022606963049620486,0.0,0.0,0.0,1.6274606953137956e-30,-1.3108225803668946e-17,-6.554308204913363e-18
1769651458.9060776,0.6510749550536198,0.0,0.0,4.0,0.0226723010931165,0.0,0.0,0.0,2.3174325887485454e-30,-1.3143805148772293e-17,-6.575460508898799e-18
1769651459.0373428,0.650069407373659,0.0,0.0,4.0,0.022737639136612513,0.0,0.0,0.0,1.7288033012842866e-30,-1.3224215440271893e-17,-6.620148749287635e-18
1769651459.1524923,0.6490638596936983,0.0,0.0,4.0,0.022802977180108527,0.0,0.0,0.0,1.628623476027671e-30,-1.3200624447962586e-17,-6.602671323213852e-18
1769651459.2694118,0.6480583120137375,0.0,0.0,4.0,0.02286831522360454,0.0,0.0,0.0,1.1887284147006217e-30,-1.3211923851635021e-17,-6.607091866185943e-18
1769651459.3911388,0.6470527643337768,0.0,0.0,4.0,0.022933653267100555,0.0,0.0,0.0,1.1105985725380064e-30,-1.3146352897755565e-17,-6.579733544266839e-18
1769651459.5149765,0.646047216653816,0.0,0.0,4.0,0.02299899131059657,0.0,0.0,0.0,1.5787067553873237e-30,-1.2979592974186e-17,-6.506472479451535e-18
1769651459.6336257,0.6450416689738553,0.0,0.0,4.0,0.023064329354092583,0.0,0.0,0.0,1.1873450387367663e-30,-1.2948419418749052e-17,-6.4773270649194085e-18
1769651459.749288,0.6440361212938945,0.0,0.0,4.0,0.023129667397588597,0.0,0.0,0.0,1.1049136752710104e-30,-1.3128738558073321e-17,-6.5824011929701925e-18
1769651459.873569,0.6430305736139338,0.0,0.0,4.0,0.02319500544108461,0.0,0.0,0.0,8.19911380243278e-31,-1.3065305993165583e-17,-6.538996253074385e-18
1769651459.9916399,0.642025025933973,0.0,0.0,4.0,0.023260343484580625,0.0,0.0,0.0,7.705952887777582e-31,-1.3035458970871081e-17,-6.520714187665761e-18
1769651460.1029391,0.6410194782540123,0.0,0.0,4.0,0.02332568152807664,0.0,0.0,0.0,1.0623912757445842e-30,-1.3065442977179697e-17,-6.535719889221772e-18
1769651460.2261117,0.6400139305740515,0.0,0.0,4.0,0.023391019571572653,0.0,0.0,0.0,1.0215521685963624e-30,-1.3116107358619969e-17,-6.563120117455033e-18
1769651460.3547738,0.6390083828940908,0.0,0.0,4.0,0.023456357615068667,0.0,0.0,0.0,7.548495417239673e-31,-1.3190889193072662e-17,-6.602922779982356e-18
1769651460.4831433,0.63800283521413,0.0,0.0,4.0,0.02352169565856468,0.0,0.0,0.0,5.560554331356728e-31,-1.3197181291782011e-17,-6.599219855762497e-18
1769651460.6081457,0.6369972875341693,0.0,0.0,4.0,0.023587033702060695,0.0,0.0,0.0,7.812383166311462e-31,-1.3225250870512948e-17,-6.615432393130349e-18
1769651460.731907,0.6359917398542085,0.0,0.0,4.0,0.02365237174555671,0.0,0.0,0.0,5.436445838515127e-31,-1.32719299545423e-17,-6.640632885674629e-18
1769651460.8548717,0.6349861921742478,0.0,0.0,4.0,0.023717709789052722,0.0,0.0,0.0,5.649727657878448e-31,-1.3237289359375765e-17,-6.6221087392051006e-18
1769651460.9990928,0.633980644494287,0.0,0.0,4.0,0.023783047832548736,0.0,0.0,0.0,6.0680459146676005e-31,-1.3233289459057899e-17,-6.617044719561343e-18
1769651461.1267998,0.6329750968143263,0.0,0.0,4.0,0.02384838587604475,0.0,0.0,0.0,5.51276836009744e-31,-1.324095822976719e-17,-6.621245991955076e-18
1769651461.2391348,0.6319695491343655,0.0,0.0,4.0,0.023913723919540764,0.0,0.0,0.0,4.339407514196152e-31,-1.3163655154684332e-17,-6.5895578848508855e-18
1769651461.3519967,0.6309640014544048,0.0,0.0,4.0,0.023979061963036778,0.0,0.0,0.0,4.0542286612052424e-31,-1.3120421848568056e-17,-6.5645342548960604e-18
1769651461.4742475,0.629958453774444,0.0,0.0,4.0,0.024044400006532792,0.0,0.0,0.0,2.9636463232937244e-31,-1.2867194617142408e-17,-6.4589200317140656e-18
1769651461.5936396,0.6289529060944833,0.0,0.0,4.0,0.024109738050028806,0.0,0.0,0.0,2.7788559811760514e-31,-1.2854098171654052e-17,-6.42835873037614e-18
1769651461.7262797,0.6279473584145225,0.0,0.0,4.0,0.02417507609352482,0.0,0.0,0.0,3.891787914226656e-31,-1.3086419169919713e-17,-6.566441684786812e-18
1769651461.8431575,0.6269418107345618,0.0,0.0,4.0,0.024240414137020834,0.0,0.0,0.0,2.94879605475977e-31,-1.3012893253410193e-17,-6.513799218356344e-18
1769651461.96128,0.625936263054601,0.0,0.0,4.0,0.024305752180516848,0.0,0.0,0.0,2.7378278787564705e-31,-1.3112848656923173e-17,-6.566419868813158e-18
1769651462.0771034,0.6249307153746403,0.0,0.0,4.0,0.024371090224012862,0.0,0.0,0.0,3.8711720097796432e-31,-1.3083811537550774e-17,-6.544809480713014e-18
1769651462.2010107,0.6239251676946795,0.0,0.0,4.0,0.024436428267508876,0.0,0.0,0.0,2.843165523330084e-31,-1.2966303721814201e-17,-6.494902642481042e-18
1769651462.3171282,0.6229196200147188,0.0,0.0,4.0,0.02450176631100489,0.0,0.0,0.0,2.527665010934291e-31,-1.3095313619442453e-17,-6.5605577994843045e-18
1769651462.4298007,0.621914072334758,0.0,0.0,4.0,0.024567104354500904,0.0,0.0,0.0,2.002072014419986e-31,-1.3072027954854683e-17,-6.538342543886318e-18
1769651462.543163,0.6209085246547973,0.0,0.0,4.0,0.024632442397996918,0.0,0.0,0.0,1.8904199393455524e-31,-1.3079619010803719e-17,-6.540568610996952e-18
1769651462.6571565,0.6199029769748365,0.0,0.0,4.0,0.02469778044149293,0.0,0.0,0.0,1.7588016692839056e-31,-1.2806065080320241e-17,-6.430387933208644e-18
1769651462.7726355,0.6188974292948758,0.0,0.0,4.0,0.024763118484988945,0.0,0.0,0.0,1.2928979118596788e-31,-1.313193106362865e-17,-6.598552130145295e-18
1769651462.8939958,0.617891881614915,0.0,0.0,4.0,0.02482845652848496,0.0,0.0,0.0,1.2106684928533397e-31,-1.3214859716067e-17,-6.615722723277456e-18
1769651463.0083568,0.6168863339349543,0.0,0.0,4.0,0.024893794571980973,0.0,0.0,0.0,1.7173120284303863e-31,-1.3233100890371193e-17,-6.6183745626161875e-18
1769651463.1306658,0.6158807862549935,0.0,0.0,4.0,0.024959132615476987,0.0,0.0,0.0,1.6067809084132874e-31,-1.3043485966383753e-17,-6.540704475590782e-18
1769651463.2504485,0.6148752385750328,0.0,0.0,4.0,0.025024470658973,0.0,0.0,0.0,1.219601138463465e-31,-1.3075070240401407e-17,-6.5406935476025906e-18
1769651463.3675222,0.613869690895072,0.0,0.0,4.0,0.025089808702469015,0.0,0.0,0.0,8.859067076659039e-32,-1.3194555143341061e-17,-6.609226061964585e-18
1769651463.4857411,0.6128641432151113,0.0,0.0,4.0,0.02515514674596503,0.0,0.0,0.0,8.322050135261771e-32,-1.3177711164963931e-17,-6.590539980319762e-18
1769651463.6020725,0.6118585955351505,0.0,0.0,4.0,0.025220484789461043,0.0,0.0,0.0,1.1706062320022512e-31,-1.3178169573572926e-17,-6.589130627647479e-18
1769651463.7251287,0.6108530478551898,0.0,0.0,4.0,0.025285822832957057,0.0,0.0,0.0,1.154767206187461e-31,-1.3228564333831424e-17,-6.619321642941677e-18
1769651463.8421087,0.609847500175229,0.0,0.0,4.0,0.02535116087645307,0.0,0.0,0.0,8.348807903008528e-32,-1.3151440946513948e-17,-6.5834328119888045e-18
1769651463.9663157,0.6088419524952683,0.0,0.0,4.0,0.025416498919949085,0.0,0.0,0.0,6.058711363152336e-32,-1.3193416878816604e-17,-6.600906032638629e-18
1769651464.0858104,0.6078364048153075,0.0,0.0,4.0,0.0254818369634451,0.0,0.0,0.0,5.682558637159028e-32,-1.3212455740181444e-17,-6.6081317562272624e-18
1769651464.2106369,0.6068308571353468,0.0,0.0,4.0,0.025547175006941113,0.0,0.0,0.0,9.630535977912705e-32,-1.319620515809461e-17,-6.5997276372560845e-18
1769651464.3366995,0.605825309455386,0.0,0.0,4.0,0.025612513050437127,0.0,0.0,0.0,6.076568524330734e-32,-1.3198821744017884e-17,-6.5996725306013304e-18
1769651464.453104,0.6048197617754253,0.0,0.0,4.0,0.02567785109393314,0.0,0.0,0.0,5.711594677570376e-32,-1.3197456479410824e-17,-6.598864766166175e-18
1769651464.5736473,0.6038142140954645,0.0,0.0,4.0,0.025743189137429155,0.0,0.0,0.0,4.1497353486920087e-32,-1.3070499728355042e-17,-6.5479455392831405e-18
1769651464.6947658,0.6028086664155038,0.0,0.0,4.0,0.02580852718092517,0.0,0.0,0.0,7.462663601320078e-32,-1.3152092249991907e-17,-6.584205377159715e-18
1769651464.820265,0.601803118735543,0.0,0.0,4.0,0.025873865224421182,0.0,0.0,0.0,5.471457983014101e-32,-1.2840866451323744e-17,-6.451555805528743e-18
1769651464.9320257,0.6007975710555823,0.0,0.0,4.0,0.025939203267917196,0.0,0.0,0.0,4.161878146003303e-32,-1.3125801555241612e-17,-6.591394288012634e-18
1769651465.045786,0.5997920233756215,0.0,0.0,4.0,0.02600454131141321,0.0,0.0,0.0,3.9132194811335467e-32,-1.3071483189831347e-17,-6.54117343145674e-18
1769651465.1573908,0.5987864756956608,0.0,0.0,4.0,0.026069879354909224,0.0,0.0,0.0,2.8681311693709337e-32,-1.32881062076636e-17,-6.6657154056150545e-18
1769651465.2704954,0.5977809280157,0.0,0.0,4.0,0.026135217398405238,0.0,0.0,0.0,2.6651287473614566e-32,-1.3094307655014878e-17,-6.566533682772338e-18
1769651465.3859313,0.5967753803357393,0.0,0.0,4.0,0.026200555441901252,0.0,0.0,0.0,2.500126504156788e-32,-1.3155241769957642e-17,-6.583714296473122e-18
1769651465.5067258,0.5957698326557785,0.0,0.0,4.0,0.026265893485397266,0.0,0.0,0.0,3.5186243806307116e-32,-1.3170651541005811e-17,-6.586866747607758e-18
1769651465.6236079,0.5947642849758178,0.0,0.0,4.0,0.02633123152889328,0.0,0.0,0.0,3.302277912412211e-32,-1.3239031058380265e-17,-6.626353480927611e-18
1769651465.7389734,0.593758737295857,0.0,0.0,4.0,0.026396569572389294,0.0,0.0,0.0,2.501110092149102e-32,-1.3092807993038938e-17,-6.561026303053627e-18
1769651465.8821068,0.5927531896158963,0.0,0.0,4.0,0.026461907615885308,0.0,0.0,0.0,1.8214672172168705e-32,-1.315056562308943e-17,-6.581058574549783e-18
1769651466.0085735,0.5917476419359355,0.0,0.0,4.0,0.026527245659381322,0.0,0.0,0.0,1.7111612833961297e-32,-1.318274058032477e-17,-6.5945877858859364e-18
1769651466.1200895,0.5907420942559748,0.0,0.0,4.0,0.026592583702877336,0.0,0.0,0.0,2.694729878922049e-32,-1.3207852829432851e-17,-6.606437639627261e-18
1769651466.228173,0.589736546576014,0.0,0.0,4.0,0.02665792174637335,0.0,0.0,0.0,2.249889007411529e-32,-1.3210370797975296e-17,-6.605437195841915e-18
1769651466.350096,0.5887309988960533,0.0,0.0,4.0,0.026723259789869364,0.0,0.0,0.0,1.7370918879489176e-32,-1.3251440866400733e-17,-6.629827440042928e-18
1769651466.468421,0.5877254512160925,0.0,0.0,4.0,0.026788597833365378,0.0,0.0,0.0,1.2575641300837544e-32,-1.328463993934368e-17,-6.645639876966147e-18
1769651466.5994117,0.5867199035361318,0.0,0.0,4.0,0.02685393587686139,0.0,0.0,0.0,1.7768018417657873e-32,-1.323460774009065e-17,-6.622307089970646e-18
1769651466.7181928,0.585714355856171,0.0,0.0,4.0,0.026919273920357405,0.0,0.0,0.0,1.6731319595278235e-32,-1.3235880062835817e-17,-6.618067263692442e-18
1769651466.834329,0.5847088081762103,0.0,0.0,4.0,0.02698461196385342,0.0,0.0,0.0,1.2522939400745702e-32,-1.3095094950898852e-17,-6.5616259866431345e-18
1769651466.947795,0.5837032604962495,0.0,0.0,4.0,0.027049950007349433,0.0,0.0,0.0,1.1608932042998611e-32,-1.3146784524038107e-17,-6.5785612193329906e-18
1769651467.0742595,0.5826977128162888,0.0,0.0,4.0,0.027115288050845447,0.0,0.0,0.0,9.527360323354236e-33,-1.316127717558794e-17,-6.582087852948963e-18
1769651467.1876602,0.581692165136328,0.0,0.0,4.0,0.02718062609434146,0.0,0.0,0.0,7.950280970957532e-33,-1.3139203370304737e-17,-6.571809065680696e-18
1769651467.3135202,0.5806866174563673,0.0,0.0,4.0,0.027245964137837475,0.0,0.0,0.0,1.1288685297478188e-32,-1.3092943282471721e-17,-6.551097650019174e-18
1769651467.4368858,0.5796810697764065,0.0,0.0,4.0,0.02731130218133349,0.0,0.0,0.0,8.553588353989011e-33,-1.3101371174417486e-17,-6.551528376403328e-18
1769651467.547956,0.5786755220964458,0.0,0.0,4.0,0.027376640224829503,0.0,0.0,0.0,7.718770016081464e-33,-1.313451263083236e-17,-6.570570461057676e-18
1769651467.6603377,0.577669974416485,0.0,0.0,4.0,0.027441978268325517,0.0,0.0,0.0,7.6938660134115e-33,-1.3054450322337842e-17,-6.53523139201838e-18
1769651467.7746224,0.5766644267365243,0.0,0.0,4.0,0.02750731631182153,0.0,0.0,0.0,7.687727571599554e-33,-1.3146181050195836e-17,-6.582263597883725e-18
1769651467.8912628,0.5756588790565635,0.0,0.0,4.0,0.027572654355317545,0.0,0.0,0.0,5.1383026405038065e-33,-1.314382416559709e-17,-6.572147771258425e-18
1769651468.00947,0.5746533313766028,0.0,0.0,4.0,0.02763799239881356,0.0,0.0,0.0,7.237035274695495e-33,-1.3204107754374956e-17,-6.6080822360652714e-18
1769651468.1287854,0.573647783696642,0.0,0.0,4.0,0.027703330442309573,0.0,0.0,0.0,5.338881837539851e-33,-1.3180797766735085e-17,-6.5927298821315355e-18
1769651468.245794,0.5726422360166813,0.0,0.0,4.0,0.027768668485805587,0.0,0.0,0.0,5.146973324563863e-33,-1.3187806627286875e-17,-6.594604199698622e-18
1769651468.3669083,0.5716366883367205,0.0,0.0,4.0,0.0278340065293016,0.0,0.0,0.0,3.7501219155192015e-33,-1.3214275585873136e-17,-6.609784688795198e-18
1769651468.4801958,0.5706311406567598,0.0,0.0,4.0,0.027899344572797614,0.0,0.0,0.0,3.828846348068692e-33,-1.3263033259006031e-17,-6.636392396816309e-18
1769651468.5913172,0.569625592976799,0.0,0.0,4.0,0.02796468261629363,0.0,0.0,0.0,3.308502524663398e-33,-1.3202868678674439e-17,-6.607450797370382e-18
1769651468.7165337,0.5686200452968383,0.0,0.0,4.0,0.028030020659789642,0.0,0.0,0.0,4.489835675751129e-33,-1.3269181016364283e-17,-6.641221741951131e-18
1769651468.8314023,0.5676144976168775,0.0,0.0,4.0,0.028095358703285656,0.0,0.0,0.0,3.0692581061429003e-33,-1.3080214629975333e-17,-6.559003953626565e-18
1769651468.9544058,0.5666089499369168,0.0,0.0,4.0,0.02816069674678167,0.0,0.0,0.0,3.208060262310681e-33,-1.3003813977580639e-17,-6.509547054029792e-18
1769651469.0874615,0.565603402256956,0.0,0.0,4.0,0.028226034790277684,0.0,0.0,0.0,3.977769304105157e-33,-1.2774297313208788e-17,-6.410100323041583e-18
1769651469.206402,0.5645978545769953,0.0,0.0,4.0,0.028291372833773698,0.0,0.0,0.0,3.387589876218328e-33,-1.2496293122184911e-17,-6.2759469801948466e-18
1769651469.325567,0.5635923068970345,0.0,0.0,4.0,0.028356710877269712,0.0,0.0,0.0,3.18169432315764e-33,-1.258962129500513e-17,-6.3041434647845895e-18
1769651469.4530637,0.5625867592170738,0.0,0.0,4.0,0.028422048920765726,0.0,0.0,0.0,2.4237824015801724e-33,-1.262920811202503e-17,-6.318562737714508e-18
1769651469.5976276,0.561581211537113,0.0,0.0,4.0,0.02848738696426174,0.0,0.0,0.0,2.5128819520676223e-33,-1.293521931904453e-17,-6.4982107802242176e-18
1769651470.7150733,0.5605756638571523,0.0,0.0,4.0,0.028552725007757754,0.0,0.0,0.0,1.3067511756604175e-33,-1.3327292755239899e-17,-6.702853721239488e-18
1769651471.8245761,0.5595701161771915,0.0,0.0,4.0,0.028618063051253768,0.0,0.0,0.0,6.54659652281927e-34,-1.3307428127657406e-17,-6.655700526586953e-18
1769651472.9383376,0.5585645684972308,0.0,0.0,4.0,0.02868340109474978,0.0,0.0,0.0,2.6350653831170323e-34,-1.3279707080367596e-17,-6.642625644912779e-18
1769651474.0557287,0.55755902081727,0.0,0.0,4.0,0.028748739138245796,0.0,0.0,0.0,1.3144601722286946e-34,-1.3327579105156631e-17,-6.668576755057219e-18
1769651475.172011,0.5565534731373093,0.0,0.0,4.0,0.02881407718174181,0.0,0.0,0.0,5.075435568568486e-35,-1.3294115316805068e-17,-6.65040403723769e-18
1769651476.2834296,0.5555479254573485,0.0,0.0,4.0,0.028879415225237823,0.0,0.0,0.0,2.532081381706208e-35,-1.3307130708708203e-17,-6.654866893544415e-18
1769651477.394783,0.5545423777773878,0.0,0.0,4.0,0.028944753268733837,0.0,0.0,0.0,1.893300012534319e-35,-1.3304382005526773e-17,-6.65246587308153e-18
1769651478.5148754,0.553536830097427,0.0,0.0,4.0,0.02901009131222985,0.0,0.0,0.0,9.448028166520226e-36,-1.3282236017882786e-17,-6.643332607705792e-18
1769651479.6299899,0.5525312824174663,0.0,0.0,4.0,0.029075429355725865,0.0,0.0,0.0,3.822695174147112e-36,-1.3319810870404256e-17,-6.6636629204542744e-18
